{
  "type" : "FeatureCollection",
  "features" : [{"type":"Feature","id":1,"geometry":{"type":"MultiPolygon","coordinates":[[[[105.44865670000007,-6.1951603249999607],[105.45043016900007,-6.1951007179999351],[105.45053268800007,-6.1950937099999805],[105.45073314800004,-6.1950796259999379],[105.45093386300005,-6.1950698169999328],[105.45116943500005,-6.1950572759999432],[105.45141332500003,-6.1950432269999283],[105.45165164900004,-6.1950284459999807],[105.45341742300008,-6.1948528749999809],[105.45400592600004,-6.1947682439999312],[105.45414254600007,-6.1947470649999445],[105.45427993800007,-6.1947316849999652],[105.45463077800008,-6.1946900909999272],[105.45489098700006,-6.1946575209999537],[105.45515145700006,-6.1946271229999752],[105.45557306000006,-6.1945745659999716],[105.45697588000007,-6.1943509479999648],[105.45702844100003,-6.1943411509999464],[105.45737613600005,-6.1942739829999596],[105.45910389500006,-6.1938692369999444],[105.45952953600005,-6.1937509729999647],[105.45978907500006,-6.1936765769999624],[105.46106104000006,-6.1932778649999705],[105.46202026100008,-6.1929307869999661],[105.46208594900008,-6.1929056099999684],[105.46278691000003,-6.1926256989999615],[105.46440255800007,-6.1918913799999586],[105.46596675200004,-6.1910528779999368],[105.46747279500005,-6.190113781999969],[105.46891423600005,-6.1890781169999514],[105.47028490200006,-6.1879503149999664],[105.47106693200004,-6.1872351549999394],[105.47109788100005,-6.1872057219999306],[105.47160987400008,-6.1867057759999398],[105.47282171200004,-6.1854085679999571],[105.47326943800005,-6.1848833759999593],[105.47363472100005,-6.184443683999973],[105.47431145800005,-6.1835951219999288],[105.47460636700004,-6.1831824689999735],[105.47502049200006,-6.1828973859999792],[105.47504912700003,-6.1828772159999517],[105.47596860200008,-6.1822001339999701],[105.47733923500004,-6.181072315999927],[105.47863322600006,-6.1798571949999541],[105.47933312600009,-6.1791288329999361],[105.47936881600003,-6.1790902809999579],[105.47988072000004,-6.1785214199999814],[105.48039627200006,-6.1779142369999249],[105.48064893700007,-6.1776076529999386],[105.48125781600004,-6.1768410699999663],[105.48229005800005,-6.1753966409999634],[105.48322569100009,-6.1738877359999265],[105.48406071100004,-6.172320817999946],[105.48467993100007,-6.1709689379999304],[105.48477616200006,-6.1707426769999643],[105.48488777200004,-6.1704763339999431],[105.48526504900008,-6.169470323999974],[105.48623080300007,-6.1681188949999637],[105.48716641400006,-6.1666099839999333],[105.48800141100008,-6.1650430609999489],[105.48840599700009,-6.1641822909999746],[105.48900665600007,-6.1628439529999355],[105.48933287900007,-6.1620864959999722],[105.48949267100005,-6.1616905969999607],[105.48952871800009,-6.1615992239999287],[105.48999241600006,-6.1603325229999655],[105.49021467300008,-6.1596452419999537],[105.49046519200004,-6.1588338629999271],[105.49075643800006,-6.1578212889999691],[105.49115775800004,-6.1560914619999494],[105.49144517800005,-6.1543390669999667],[105.49144899200007,-6.154309742999942],[105.49156399600008,-6.1534216599999354],[105.49173247200008,-6.1516835269999319],[105.49178889900008,-6.1499143199999367],[105.49178845800009,-6.1492902919999324],[105.49178845400007,-6.1492845489999581],[105.49172877000007,-6.1475097039999582],[105.49155323600007,-6.1457425669999566],[105.49126260500009,-6.143990702999929],[105.49100879600007,-6.1428484179999714],[105.49099864400006,-6.1428069659999665],[105.49084797000006,-6.1422201619999441],[105.49033136900005,-6.1405212519999282],[105.48970486200005,-6.1388597969999523],[105.48935545200004,-6.1380546859999754],[105.48930929500006,-6.1379528689999461],[105.48892497600008,-6.1371410909999327],[105.48808716800005,-6.1355756949999432],[105.48770453900005,-6.1349342909999791],[105.48768288800005,-6.134899106999967],[105.48712721800007,-6.1340333079999709],[105.48689558100006,-6.133710386999951],[105.48689792500005,-6.1337087689999521],[105.48688818100004,-6.1336946279999438],[105.48688482800009,-6.1336777819999497],[105.48688139600006,-6.133660559999953],[105.48673321900009,-6.1329659069999707],[105.48672547200005,-6.1329317839999362],[105.48646919100008,-6.1318973439999809],[105.48595261600008,-6.1301984279999715],[105.48532613700007,-6.1285369639999772],[105.48459243700006,-6.1269200669999577],[105.48454235200006,-6.1268191709999655],[105.48452264600007,-6.1267796789999807],[105.48373495400006,-6.1253151679999291],[105.48311187400009,-6.1242901789999564],[105.48295736400007,-6.1240482159999488],[105.48264217600007,-6.123565990999964],[105.48160743900007,-6.1221234229999482],[105.48048066000007,-6.1207516799999553],[105.48046763400004,-6.1207368489999681],[105.48034922900007,-6.1206021519999467],[105.48023686200008,-6.1204637669999329],[105.48017394100003,-6.1203865669999686],[105.48012035400006,-6.1203210639999384],[105.48007212800007,-6.1202515109999354],[105.47978576500009,-6.1198592489999442],[105.47990534800005,-6.119634835999932],[105.47994527600008,-6.1195532669999579],[105.48001801400005,-6.1194040409999388],[105.48009541200008,-6.1192571809999663],[105.48044202700004,-6.1185764369999447],[105.48117280900004,-6.1169582209999476],[105.48155741800008,-6.1159724309999319],[105.48161614500003,-6.1158127889999605],[105.48167965300007,-6.1156549919999748],[105.48221252800005,-6.114214661999938],[105.48227527700004,-6.1140268359999368],[105.48234820500005,-6.113805862999925],[105.48239676700007,-6.1136653819999651],[105.48291021300008,-6.1129457919999481],[105.48308401700007,-6.1126893239999731],[105.48320317200006,-6.112511996999956],[105.48413870700006,-6.1110030959999335],[105.48488157100007,-6.1096216879999474],[105.48509136500007,-6.109202995999965],[105.48518343400008,-6.1090174869999601],[105.48591418900008,-6.107399265999959],[105.48624067500003,-6.1065699539999514],[105.48627436700008,-6.1064800709999645],[105.48633052800005,-6.1063695049999751],[105.48648956000005,-6.1060512589999689],[105.48706777200005,-6.1047850679999556],[105.48747755900007,-6.1039888149999797],[105.48749011200005,-6.1039632429999529],[105.48755336800008,-6.1038342149999494],[105.48762171900006,-6.1037078179999753],[105.48810536600007,-6.1027703529999258],[105.48822478100004,-6.1025242929999308],[105.48827212200007,-6.1024254819999442],[105.48832512100006,-6.1023295909999433],[105.48838572300008,-6.1022193439999342],[105.48849440600009,-6.1020205359999409],[105.48860612300007,-6.1018234219999385],[105.48904657400004,-6.1010146079999572],[105.48914183900007,-6.1008323759999712],[105.48944673700004,-6.1002310669999247],[105.48971887300007,-6.0996607619999281],[105.48974856800004,-6.0995966209999324],[105.49020716500007,-6.0985487009999702],[105.49080738900005,-6.0969544329999508],[105.49084629000004,-6.096840378999957],[105.49086949500008,-6.0967720479999343],[105.49138295200004,-6.0950721939999539],[105.49143001000004,-6.0948933109999643],[105.49144074800006,-6.0948519199999396],[105.49179497700004,-6.0933009739999306],[105.49208237800008,-6.0915485779999585],[105.49225466200005,-6.0897811179999621],[105.49227286300004,-6.0894717869999795],[105.49227553700007,-6.0894214399999669],[105.49231376700004,-6.0879558169999655],[105.49225410500009,-6.086180967999951],[105.49207860600006,-6.084413824999956],[105.49199216700003,-6.0838128759999677],[105.49198324900004,-6.0837554349999436],[105.49177910300006,-6.0826045139999678],[105.49137468100008,-6.0808754189999377],[105.49085815300003,-6.0791765019999389],[105.49048384300005,-6.0781448609999416],[105.49046353200004,-6.0780922239999313],[105.49021141900005,-6.0774623999999449],[105.48947778700006,-6.075845501999936],[105.48864008700008,-6.0742800949999491],[105.48770190700009,-6.0727728809999348],[105.48666726500005,-6.0713303139999653],[105.48554059000008,-6.0699585709999724],[105.48474071600003,-6.0690863369999306],[105.48471865700009,-6.0690633119999688],[105.48430465100006,-6.0686404989999687],[105.48300876100006,-6.0674276939999459],[105.48163641200006,-6.0663023239999347],[105.48019347900004,-6.0652692079999611],[105.47976068800006,-6.0649862129999406],[105.47971796200005,-6.0649588529999505],[105.47864341400003,-6.0643054079999388],[105.47768616300004,-6.0637787179999805],[105.47756377900004,-6.0637145599999371],[105.47745916300005,-6.063653937999959],[105.47696591200008,-6.0633672749999619],[105.47688862600006,-6.0633225279999579],[105.47532334200008,-6.0624867689999746],[105.47479800000008,-6.0622349839999288],[105.47431739800004,-6.0620109619999312],[105.47322620800009,-6.0615312509999626],[105.47307943200008,-6.0614710439999726],[105.47306355400008,-6.0614645859999428],[105.47305153600007,-6.0614523549999717],[105.47287843500004,-6.0612778039999284],[105.47158258800005,-6.0600649679999492],[105.47062612900004,-6.0592648949999557],[105.47056382600005,-6.0592151679999802],[105.47014797700007,-6.0588898379999705],[105.46870508300009,-6.057856686999969],[105.46865774200006,-6.057825151999964],[105.46856143800005,-6.0577611489999299],[105.46710148100004,-6.0568562089999318],[105.46553622900007,-6.0560204179999459],[105.46391972700007,-6.0552888919999646],[105.46225889500005,-6.0546647609999695],[105.46106063000008,-6.0542894429999592],[105.46093565400008,-6.0542534569999589],[105.46043586800005,-6.0541147119999437],[105.45870787000007,-6.0537129199999526],[105.45809418000005,-6.053598592999947],[105.45802553300007,-6.0535866219999548],[105.45688867600006,-6.0534131439999328],[105.45512307400008,-6.0532405619999281],[105.45338157700007,-6.0531839329999571],[105.45319396800005,-6.0531838709999306],[105.45316236800005,-6.0531838789999597],[105.45187605500007,-6.0532155189999344],[105.45165497800008,-6.053226216999974],[105.45143375500004,-6.0532332709999537],[105.45071166100007,-6.0532659479999325],[105.45057386600007,-6.0532740279999757],[105.45043585200006,-6.0532762579999257],[105.44907788100005,-6.0533323069999483],[105.44731256600005,-6.0535078309999335],[105.44556249600004,-6.0537985519999324],[105.44484788500006,-6.0539515089999441],[105.44479813900006,-6.0539628609999454],[105.44378541900005,-6.0542145759999357],[105.44208822100006,-6.0547314689999325],[105.44042842500005,-6.0553583679999292],[105.43881313500003,-6.056092590999981],[105.43724927000005,-6.0569309929999804],[105.43574352500008,-6.0578699839999786],[105.43574072100006,-6.0578718629999457],[105.43549944300008,-6.0580335719999425],[105.43406106700007,-6.0590672529999665],[105.43269062700006,-6.0601949489999356],[105.43139679300003,-6.0614099509999733],[105.43059027100009,-6.0622541739999747],[105.43045091500005,-6.062406474999932],[105.43004574900004,-6.0628593599999476],[105.42938377400009,-6.0636681169999633],[105.42922056100008,-6.0636217999999644],[105.42841782500005,-6.0634351049999395],[105.42787931000004,-6.0622478439999554],[105.42704180500004,-6.0606823259999487],[105.42684036900005,-6.0603395219999356],[105.42681865800006,-6.0603031849999525],[105.42608210300006,-6.0591386539999803],[105.42558286600007,-6.0584174819999248],[105.42549252300006,-6.0582913819999362],[105.42495730200005,-6.0575698529999613],[105.42411634600006,-6.0565287259999536],[105.42404578300005,-6.0564456449999398],[105.42376024200007,-6.0561148859999321],[105.42254653100008,-6.0548196869999629],[105.42125080400007,-6.0536067209999374],[105.41987860800003,-6.0524811819999513],[105.41843581800003,-6.0514478889999737],[105.41789450500005,-6.05109566699997],[105.41787419300005,-6.0510827919999315],[105.41690830200008,-6.0504983909999623],[105.41534313600005,-6.0496624489999249],[105.41372671000005,-6.0489307669999448],[105.41206594400006,-6.048306476999926],[105.41045209700007,-6.0478149009999811],[105.41041923400007,-6.0478059989999338],[105.41033508700008,-6.0477833509999641],[105.40860713600006,-6.0473813939999559],[105.40713429500005,-6.0471312719999446],[105.40685407700005,-6.0470916009999769],[105.40657640500007,-6.047053754999979],[105.40481082800005,-6.0468810069999677],[105.40392939900005,-6.0468382399999427],[105.40333777000006,-6.046819189999951],[105.40244611600008,-6.0468051689999811],[105.40067311900003,-6.046864583999934],[105.40017302500007,-6.0469024209999702],[105.40010211000003,-6.0469084479999538],[105.39883688300006,-6.0470459759999358],[105.39802314800005,-6.047166428999958],[105.39763599200006,-6.0472297609999259],[105.39669964200004,-6.047399870999925],[105.39497228400006,-6.047804388999964],[105.39411379200004,-6.0480505809999272],[105.39402933500008,-6.0480763149999461],[105.39319059200005,-6.0483468649999281],[105.39288607400005,-6.0484526169999526],[105.39283801100004,-6.0484696289999533],[105.39278806600004,-6.0484798599999294],[105.39118763900007,-6.0488586799999666],[105.39072656500008,-6.048995667999975],[105.38981101200005,-6.0490866019999316],[105.38806091300006,-6.0493771379999544],[105.38745643000004,-6.0495051409999405],[105.38652911500009,-6.0497125829999732],[105.38540622400006,-6.049989069999981],[105.38504562600008,-6.050088743999936],[105.38500273900007,-6.0501009179999414],[105.38366608400008,-6.0505179569999541],[105.38337853200005,-6.0506265309999776],[105.38337776300006,-6.0506243329999734],[105.38332449800004,-6.0506430139999452],[105.38326933400003,-6.0506549569999493],[105.38284415900006,-6.0507505969999329],[105.38235870900007,-6.0508639049999715],[105.38163700700005,-6.0510428349999756],[105.38151236900006,-6.0510755579999795],[105.38138634000006,-6.0511024109999312],[105.37999506300008,-6.0514374929999803],[105.37829780000004,-6.0519541899999467],[105.37824604400004,-6.051971875999925],[105.37735222800006,-6.0522783149999668],[105.37679546000004,-6.0524760089999745],[105.37508495200007,-6.0531044479999423],[105.37403359700005,-6.0535157719999688],[105.37359343400004,-6.0537032129999488],[105.37348699100005,-6.0537496559999795],[105.37245415500007,-6.0542263489999755],[105.37204429700006,-6.0544260539999755],[105.37190190800004,-6.0544959489999428],[105.37033793100005,-6.0553341649999766],[105.36883206200008,-6.0562729779999813],[105.36739074900004,-6.0573083689999407],[105.36723858200008,-6.0574270069999443],[105.36683325400008,-6.0576913019999665],[105.36539193300007,-6.0587266879999788],[105.36517656000007,-6.0588940829999274],[105.36477358700006,-6.0592105519999677],[105.36361836500004,-6.0601706869999248],[105.36232436500006,-6.0613855349999426],[105.36111250300007,-6.0626824979999583],[105.36099874200005,-6.0628133679999792],[105.36090524600007,-6.0629216209999299],[105.36063271400008,-6.0631898209999804],[105.36050842600008,-6.0633152159999781],[105.36045974100006,-6.0633646549999298],[105.36015231000005,-6.0635975259999668],[105.35878169300008,-6.0647250449999319],[105.35783311500006,-6.0655997609999304],[105.35778204700006,-6.0656491499999561],[105.35743660500003,-6.0659892719999675],[105.35622472000006,-6.0672862259999647],[105.35617620500005,-6.067341828999929],[105.35597674200005,-6.0675710629999458],[105.35490069900004,-6.0688889759999256],[105.35442874900008,-6.0695244919999709],[105.35432022900005,-6.0696751629999426],[105.35375976400007,-6.0704838469999345],[105.35311701400008,-6.0715200319999667],[105.35274001300007,-6.0718902989999606],[105.35231948900008,-6.072321259999967],[105.35228323700005,-6.0723592459999622],[105.35149185300008,-6.0732252289999451],[105.35036727200008,-6.0745987369999739],[105.34933483400005,-6.0760429279999357],[105.34839896000005,-6.0775516189999621],[105.34770678800004,-6.0788316369999507],[105.34759152800007,-6.0790591539999355],[105.34744840000008,-6.079345865999926],[105.34722744600003,-6.079829573999973],[105.34577813600004,-6.080733003999967],[105.34433671300008,-6.0817683389999502],[105.34381638000008,-6.0821787459999541],[105.34362966000003,-6.0823297569999681],[105.34277929600006,-6.083046832999969],[105.34148519500008,-6.0842616359999511],[105.34039007600006,-6.0854258949999576],[105.34034958200004,-6.0854715699999247],[105.34023273900004,-6.0856042319999801],[105.33910810400005,-6.0869777189999468],[105.33820838400004,-6.088236181999946],[105.33820043900005,-6.0882446059999324],[105.33783737700008,-6.0886372669999673],[105.33759209400006,-6.088907848999952],[105.33727525200004,-6.0892635989999349],[105.33615060200003,-6.090637079999965],[105.33538993000008,-6.0916812409999466],[105.33535490600008,-6.0917318039999486],[105.33508307200009,-6.0921318109999447],[105.33414713200006,-6.0936404799999764],[105.33331176700005,-6.0952071899999396],[105.33258055400006,-6.0968252339999367],[105.33220029300008,-6.0977984079999601],[105.33211664300006,-6.0980252699999369],[105.33187297400008,-6.0987145449999502],[105.33135900200006,-6.100414280999928],[105.33095719000005,-6.1021440239999265],[105.33066925600008,-6.1038963689999264],[105.33060267500008,-6.1044489249999287],[105.33058155500004,-6.1046407279999357],[105.33047531800008,-6.1058556159999284],[105.33041835600005,-6.1076305879999495],[105.33042178900007,-6.1080461089999289],[105.33042290300006,-6.1081161119999479],[105.33047860800008,-6.1094754919999446],[105.33065359600005,-6.1112427199999502],[105.33091899900006,-6.1128693539999404],[105.33103068600008,-6.11344364699994],[105.33105537200004,-6.1135690039999417],[105.33145932000008,-6.1152982499999666],[105.33197540000003,-6.1169973489999734],[105.33260140100003,-6.1186590249999426],[105.33333464400005,-6.1202761619999251],[105.33346171100004,-6.1205303039999421],[105.33354518100003,-6.1206950869999446],[105.33362439400008,-6.1208619639999711],[105.33380437700004,-6.1212337999999704],[105.33442741400006,-6.1224215109999705],[105.33445745600005,-6.1224754949999465],[105.33467176700009,-6.1228534539999373],[105.33560963500008,-6.1243609539999397],[105.33664400400005,-6.125803828999949],[105.33777044700008,-6.1271758989999512],[105.33827841200008,-6.1277388469999323],[105.33836912800007,-6.1278366009999559],[105.33856255000006,-6.1280563369999754],[105.33939016500005,-6.1289549179999767],[105.33947398900006,-6.1290419149999593],[105.33955326000006,-6.1291330889999358],[105.33962492800003,-6.1292151859999535],[105.34004122800008,-6.1296901319999506],[105.34004913000007,-6.1296991419999358],[105.34079707800004,-6.1305173529999593],[105.34108788000003,-6.1308227039999679],[105.34155363700006,-6.1312998759999573],[105.34284939500009,-6.1325130289999379],[105.34422165600006,-6.1336387579999609],[105.34564624900008,-6.1346600119999266],[105.34570504000004,-6.1346993449999445],[105.34572333600005,-6.1347115739999367],[105.34723067400006,-6.1356483859999571],[105.34801930700007,-6.1360861039999577],[105.34846796600004,-6.1363254479999796],[105.34924466400008,-6.1367238579999253],[105.35086128500006,-6.1374557199999344],[105.35252227200004,-6.1380801839999322],[105.35290677100005,-6.1382073419999301],[105.35354601200004,-6.1384134589999348],[105.35485975300008,-6.1388006899999255],[105.35656643700008,-6.1391985189999332],[105.35713744800006,-6.1393122869999388],[105.35715898300003,-6.1393165679999697],[105.35890978100008,-6.1396046809999802],[105.36067565700006,-6.1397775609999599],[105.36137337500008,-6.1398138309999695],[105.36195183200005,-6.1398364259999312],[105.36302750800007,-6.1398570619999759],[105.36388349900005,-6.1398429529999703],[105.36395420300005,-6.1398406689999661],[105.36487152500007,-6.1397954669999422],[105.36663716500004,-6.1396201939999742],[105.36823096800003,-6.1393605199999683],[105.36865629900007,-6.1392781399999308],[105.36881290100007,-6.1392473279999535],[105.37037718100004,-6.1388862699999436],[105.37092398700008,-6.1387428699999305],[105.37108737700004,-6.1386994759999425],[105.37278491600006,-6.1381827859999589],[105.37444505400003,-6.1375560739999742],[105.37460814900004,-6.137487698999962],[105.37596822400008,-6.1369122829999583],[105.37742075000006,-6.1362466049999398],[105.37837388900004,-6.1357515729999363],[105.37928266500006,-6.1352564759999382],[105.37989371700007,-6.1349132589999726],[105.38139977600008,-6.1339744059999362],[105.38211215300004,-6.1334805699999606],[105.38269901900009,-6.1330596939999396],[105.38338553700004,-6.1325507789999278],[105.38390605500007,-6.1321520569999279],[105.38394863800005,-6.1321193699999412],[105.38531936100009,-6.1309917829999563],[105.38643183100004,-6.129957223999952],[105.38649525700004,-6.1298948379999274],[105.38662025100007,-6.1297707279999258],[105.38717679400008,-6.1294867229999568],[105.38736958200008,-6.1293852559999777],[105.38832425100009,-6.1288580049999268],[105.38836931900005,-6.1288318599999343],[105.38856031600005,-6.1287208129999726],[105.38982585900004,-6.1279301659999419],[105.38988536800008,-6.1279109569999264],[105.39029740600006,-6.1277743019999775],[105.39195748800006,-6.1271475389999637],[105.39357305700008,-6.1264134389999754],[105.39462361600005,-6.1258650249999391],[105.39469162700004,-6.1258276069999624],[105.39520520300005,-6.1255377309999517],[105.39671120700007,-6.1245988369999509],[105.39767714300007,-6.1239208799999574],[105.39778244100006,-6.1238435009999534],[105.39825792800008,-6.1234859829999664],[105.39826929500003,-6.1234766319999494],[105.39831322200007,-6.1235305549999453],[105.39904155100004,-6.124373812999977],[105.39918115400008,-6.1245341689999577],[105.39922457100005,-6.1245835269999702],[105.39922595300004,-6.1245850949999294],[105.39862131200005,-6.1253236449999804],[105.39758892000003,-6.1267679239999779],[105.39665310700008,-6.1282766929999752],[105.39615313100006,-6.1291845969999486],[105.39610323600004,-6.1292794419999268],[105.39576798700006,-6.1299383359999524],[105.39503692600005,-6.1315564539999627],[105.39441316000006,-6.1332189649999691],[105.39437256000008,-6.1333399009999425],[105.39431928800008,-6.1334998279999695],[105.39384609000007,-6.1350786759999778],[105.39344446200005,-6.1368084529999578],[105.39318488300006,-6.1383770989999675],[105.39259653600004,-6.1394812199999365],[105.39186545300004,-6.1410993349999785],[105.39124166800008,-6.1427618429999598],[105.39072785300004,-6.1444616239999732],[105.39032621000007,-6.1461913989999744],[105.39003845700006,-6.1479437639999333],[105.38986582900009,-6.1497112119999429],[105.38980906800003,-6.1514861759999349],[105.38986841600007,-6.1532610559999625],[105.39004362000009,-6.1550282499999298],[105.39033393300008,-6.1567801919999283],[105.39062890700006,-6.1580892879999283],[105.39067089800005,-6.1582562909999297],[105.39078010200006,-6.1586763799999744],[105.39129641600005,-6.1603754059999574],[105.39192265500009,-6.1620369959999266],[105.39265614000004,-6.1636540349999791],[105.39349372900006,-6.165219595999929],[105.39443183700007,-6.1667269769999393],[105.39494807000005,-6.1674468559999696],[105.39531080600005,-6.1681468709999763],[105.39544906500004,-6.1684013899999286],[105.39579884500006,-6.1690255399999501],[105.39673696700004,-6.170532914999967],[105.39675284800006,-6.1705566389999262],[105.39688029900009,-6.1707467989999714],[105.39789904200006,-6.1721658149999712],[105.39902573900008,-6.1735377369999469],[105.40023968300005,-6.1748329699999545],[105.40153567700008,-6.1760459649999575],[105.40210714200003,-6.17653295599996],[105.40227625500006,-6.1766730759999291],[105.40307728300007,-6.1773116469999536],[105.40450324500006,-6.1783334929999683],[105.40454077300006,-6.1783585889999699],[105.40455273100008,-6.1783717709999451],[105.40458902200004,-6.1784204809999324],[105.40482717700007,-6.1787353299999381],[105.40546122700005,-6.1795297539999297],[105.40558841300003,-6.17968312499994],[105.40571223500007,-6.1798392309999599],[105.40657666000004,-6.1808750499999405],[105.40779064000009,-6.1821702629999322],[105.40840774900005,-6.1827676999999426],[105.40855787700008,-6.1829085059999329],[105.40870514700003,-6.1830523019999646],[105.40890158100007,-6.1832421809999687],[105.40894652600008,-6.1832851899999355],[105.40982291400007,-6.1840878009999756],[105.41119544500003,-6.1852133389999722],[105.41205940300006,-6.1858490139999276],[105.41235720100008,-6.1860591759999579],[105.41293639700007,-6.1864567839999722],[105.41444399200009,-6.1873933879999754],[105.41489857900007,-6.1876497809999478],[105.41518006800004,-6.1878049909999504],[105.41629106200008,-6.1883845109999811],[105.41790792300009,-6.1891161529999295],[105.41956914000008,-6.1897403919999761],[105.42063041000006,-6.1900731119999364],[105.42069800300004,-6.1900990079999474],[105.42078145500005,-6.1901380729999573],[105.42107362700006,-6.1902727339999615],[105.42121161000006,-6.1903353399999332],[105.42134720300004,-6.1904029719999585],[105.42146894500007,-6.1904633159999776],[105.42308581900005,-6.1911949409999352],[105.42474704700004,-6.1918191629999342],[105.42613205600009,-6.1922475019999297],[105.42619906500005,-6.1922662779999769],[105.42651252500008,-6.1923520819999567],[105.42800637700009,-6.1927063669999711],[105.42824599600004,-6.1927560709999625],[105.42848057900005,-6.1928036499999735],[105.43023157700009,-6.1930915129999562],[105.43030635800005,-6.1931011989999547],[105.43053382700003,-6.1931303379999463],[105.43142321800008,-6.1932293709999726],[105.43172652400006,-6.1932580809999536],[105.43252841400005,-6.1933219919999374],[105.43270730100005,-6.1933277059999341],[105.43357406600006,-6.1935249669999735],[105.43434190400006,-6.1936657039999545],[105.43505623800007,-6.1937860249999517],[105.43603940300005,-6.1939331329999732],[105.43780546900007,-6.1941057439999554],[105.43945628100005,-6.1941622059999304],[105.43977595300004,-6.1941633889999252],[105.43989870700005,-6.1941635649999398],[105.44068295400007,-6.194151561999945],[105.44083163400006,-6.1941471329999445],[105.44106723300007,-6.1942170199999396],[105.44279568100006,-6.1946188349999716],[105.44454668900005,-6.1949066509999398],[105.44493600600003,-6.1949547499999653],[105.44497989800004,-6.1949598499999752],[105.44635665100009,-6.1950843329999543],[105.44711044500008,-6.1951226059999271],[105.44763692600009,-6.1951419899999678],[105.44865670000007,-6.1951603249999607]]],[[[105.71737552400003,-5.9351574059999734],[105.71800729400007,-5.9351492119999421],[105.71824982800007,-5.9351432349999413],[105.71939056600007,-5.9350910249999629],[105.72115533200008,-5.9349146699999551],[105.72237259700006,-5.9347243089999324],[105.72246516100006,-5.9347076679999304],[105.72299736100007,-5.9346064769999316],[105.72472403300009,-5.9342009799999573],[105.72477564300004,-5.9341870069999345],[105.72496255500005,-5.9341362009999443],[105.72660743000006,-5.9336324659999491],[105.72754769100004,-5.9332919959999799],[105.72772453400006,-5.9332242409999481],[105.72844330500004,-5.9329370099999323],[105.73005777800006,-5.9322020039999757],[105.73162077800004,-5.9313628409999524],[105.73240197000007,-5.9308921199999531],[105.73249106800006,-5.9308363669999267],[105.73321471000008,-5.9303673619999699],[105.73465493500004,-5.9293310989999668],[105.73538022100007,-5.9287334959999498],[105.73546283000007,-5.9286984289999509],[105.73555077400005,-5.9286603739999464],[105.73681820100006,-5.9280726579999623],[105.73838117800005,-5.9272334789999377],[105.73960302600005,-5.9264704449999499],[105.74026368900007,-5.9267184149999252],[105.74060479600007,-5.9268313299999704],[105.74062995600008,-5.9268394729999727],[105.74135116400004,-5.9270618549999767],[105.74156200400006,-5.9271236619999286],[105.74177177700005,-5.9271890089999602],[105.74284334100008,-5.9274987459999693],[105.74457105000005,-5.9278996639999377],[105.74632125000005,-5.9281865759999732],[105.74777331000007,-5.9283363029999805],[105.74781074500004,-5.9283391449999385],[105.74812387900005,-5.9283610939999676],[105.74989650700007,-5.9284167989999332],[105.75166897700007,-5.9283562959999472],[105.75343369900008,-5.9281798419999632],[105.75518311400003,-5.9278881929999443],[105.75549843400006,-5.9278229919999603],[105.75552914500008,-5.9278164509999556],[105.75694044100004,-5.9274760599999468],[105.75727245900003,-5.9273747179999532],[105.75728075600006,-5.9273725619999595],[105.75810114900008,-5.9271221529999707],[105.75810126100004,-5.9271225329999311],[105.75814978900007,-5.9271081659999254],[105.75819983800005,-5.9271006709999483],[105.75951495300006,-5.9268704489999777],[105.76124156100008,-5.9264648439999519],[105.76293797500006,-5.9259470309999642],[105.76406540100004,-5.9255339659999322],[105.76416974600005,-5.9254930899999749],[105.76470127500005,-5.9252783529999533],[105.76631566500004,-5.924543248999953],[105.76746470200004,-5.9239391839999485],[105.76754311500008,-5.9238955319999604],[105.76795699000007,-5.9236603409999589],[105.76946173200008,-5.9227205269999672],[105.76969982300005,-5.9225555249999502],[105.76970017500008,-5.9225560429999291],[105.76978180600008,-5.9225004419999436],[105.76986692900005,-5.9224503619999496],[105.77122569600004,-5.9215958079999496],[105.77132543500005,-5.9215285559999415],[105.77144416200008,-5.921448115999965],[105.77278454400005,-5.9204790179999804],[105.77415388100007,-5.919350571999928],[105.77439102800008,-5.9191392639999663],[105.77457145100004,-5.9189765939999575],[105.77562699500004,-5.9179721949999475],[105.77582286300009,-5.9177734909999344],[105.77602201100007,-5.9175693679999313],[105.77703665300004,-5.9164703079999299],[105.77729753100004,-5.9161526499999582],[105.77744562000004,-5.9161878879999676],[105.77846164400006,-5.9164091289999305],[105.77950242400004,-5.9165938679999499],[105.77969450400008,-5.916624105999972],[105.78040389100005,-5.9167261739999617],[105.78089913500008,-5.9167861149999794],[105.78094901900005,-5.9167916869999431],[105.78099763700004,-5.9168041849999327],[105.78212679300009,-5.9170688129999576],[105.78223969800007,-5.9170927339999366],[105.78260013000005,-5.9171665419999613],[105.78435029900004,-5.9174533359999373],[105.78611545500007,-5.9176248939999709],[105.78788803700007,-5.9176804819999802],[105.78882231200004,-5.9176630239999781],[105.78888089300006,-5.9176609169999779],[105.78971903400009,-5.9176177549999807],[105.79148369400008,-5.9174411859999623],[105.79323304100006,-5.9171494239999447],[105.79495958100006,-5.9167437209999321],[105.79508569200004,-5.9167093649999742],[105.79514849400005,-5.9166920929999378],[105.79671872400007,-5.9162085409999463],[105.79721197100008,-5.9160347609999349],[105.79749676200004,-5.9159313209999596],[105.79866239000006,-5.9154772059999345],[105.80023920600007,-5.9147605569999655],[105.80038221100006,-5.914689960999965],[105.80041970100007,-5.9146714169999655],[105.80198252400004,-5.9138320749999593],[105.80348717200008,-5.9128921799999716],[105.80420165600003,-5.912395834999927],[105.80424527100007,-5.9123644869999339],[105.80497081600004,-5.9118244069999264],[105.80634005800005,-5.9106958929999678],[105.80763265300004,-5.9094801229999803],[105.80884306400009,-5.9081823019999433],[105.80898944400008,-5.9080132759999628],[105.80901553800004,-5.9079828929999394],[105.80999220300004,-5.9067776059999346],[105.81102307100008,-5.905332686999941],[105.81195735100005,-5.9038233489999357],[105.81274054100004,-5.9023584289999462],[105.81275891200005,-5.9023213849999365],[105.81280941200004,-5.9022190119999323],[105.81353894300008,-5.9006004759999655],[105.81416119300007,-5.8989376279999419],[105.81467349800005,-5.897237587999939],[105.81490446600009,-5.896303024999952],[105.81491469300005,-5.8962582549999638],[105.81508389000004,-5.8954628669999352],[105.81537020700006,-5.8937104129999511],[105.81553213200004,-5.8920828589999701],[105.81556005700008,-5.8916791669999498],[105.81556937200008,-5.8915392679999741],[105.81561701500004,-5.8904558319999296],[105.81561854600005,-5.8903920209999683],[105.81562633600004,-5.8897005729999705],[105.81560602000008,-5.8891057299999261],[105.81560856200008,-5.8890868659999569],[105.81577849900003,-5.8873396589999629],[105.81579843500003,-5.8870317169999566],[105.81579973800007,-5.8870114699999476],[105.81585517200006,-5.8852365859999622],[105.81585360800005,-5.8849820579999346],[105.81585105300007,-5.8847459949999461],[105.81579200700008,-5.8832258079999633],[105.81561561600006,-5.8814588619999313],[105.81559212100007,-5.8812863779999702],[105.81555453600004,-5.881016916999954],[105.81528661400006,-5.8794377899999404],[105.81513520100003,-5.8787303749999751],[105.81508405900007,-5.8785060719999365],[105.81483028000008,-5.8774847119999549],[105.81431304500006,-5.8757861739999271],[105.81368598600005,-5.8741251469999725],[105.81359341400008,-5.8739050029999476],[105.81346993000005,-5.8736149239999804],[105.81342475000008,-5.873516608999978],[105.81362374300005,-5.8726563419999707],[105.81386722600007,-5.8711660769999412],[105.81412104300006,-5.8706645489999687],[105.81429630100007,-5.8703005339999663],[105.81435241400004,-5.870181731999935],[105.81490665500007,-5.8689272129999495],[105.81552887900006,-5.8672643669999616],[105.81557140100006,-5.8671372859999451],[105.81568020200007,-5.8668094509999378],[105.81614996300004,-5.8652364929999408],[105.81631289600006,-5.8645924019999711],[105.81634554700008,-5.86445635299998],[105.81635399700008,-5.8644214569999349],[105.81637558900007,-5.8643617109999582],[105.81649095500006,-5.8640360259999511],[105.81654718300007,-5.8638740259999622],[105.81662374300004,-5.8636503059999541],[105.81713602200006,-5.8619502669999406],[105.81728237600004,-5.8613605229999735],[105.81743090100008,-5.8610083739999368],[105.81758799500005,-5.8605885449999278],[105.81758904200007,-5.8605870719999302],[105.81852324500005,-5.8590777329999355],[105.81876849200006,-5.858641663999947],[105.81882967300004,-5.8585304939999787],[105.81941804700006,-5.8573992699999735],[105.82008960200005,-5.8559202289999348],[105.82011993900005,-5.8558477289999473],[105.82017785500005,-5.855708232999973],[105.82080005300008,-5.85404538399996],[105.82131231400007,-5.8523453439999571],[105.82164598100007,-5.850942019999934],[105.82167241600007,-5.8508160719999296],[105.82173888100004,-5.8504894439999475],[105.82202517300004,-5.8487369899999635],[105.82219639900006,-5.8469695359999605],[105.82220355700008,-5.8468537749999427],[105.82220697900004,-5.8467964569999253],[105.82225524700004,-5.8451373339999577],[105.82219464000008,-5.8433626199999367],[105.82214905200004,-5.8427765659999409],[105.82214375000007,-5.8427167799999324],[105.82201295700008,-5.8415358889999425],[105.82172155800004,-5.8397842799999466],[105.82152003000004,-5.8388610719999292],[105.82150028500007,-5.8387776149999695],[105.82129664700005,-5.8379720489999727],[105.82077944700006,-5.8362735119999343],[105.82015243000006,-5.8346124869999585],[105.81941828100008,-5.8329960839999444],[105.81858014600004,-5.8314312269999391],[105.81833713700007,-5.8310195259999773],[105.81829412600007,-5.8309481009999331],[105.81759860100004,-5.8298531899999375],[105.81656369000007,-5.828411272999972],[105.81629173000005,-5.8280632889999424],[105.81618049700006,-5.8279233239999257],[105.81532559800007,-5.8269002609999347],[105.81411162000006,-5.8256059539999683],[105.81281571900007,-5.8243939289999389],[105.81277267700005,-5.8243563159999781],[105.81268567100005,-5.8242804469999783],[105.81156674500005,-5.8233654779999711],[105.81227548600003,-5.822371956999973],[105.81320965400005,-5.8208626319999439],[105.81404325000005,-5.819295350999937],[105.81454682400005,-5.8181780099999401],[105.81482017300004,-5.8179526839999767],[105.81611256000008,-5.8167369219999614],[105.81662888000005,-5.816203949999931],[105.81664725700006,-5.8161844529999485],[105.81734115600005,-5.815419611999971],[105.81846402300005,-5.814045306999958],[105.81949473100008,-5.8126003939999578],[105.81981126900007,-5.8120889479999391],[105.81981998700007,-5.8120945019999795],[105.81985274400006,-5.8120429249999574],[105.81989114800007,-5.8119954149999558],[105.82035161900006,-5.8114094729999692],[105.82138231700009,-5.8099645579999333],[105.82231644400008,-5.8084552239999425],[105.82314999900007,-5.8068879349999634],[105.82353382900004,-5.8060715439999626],[105.82355181700007,-5.8060315739999737],[105.82389740100007,-5.8052294309999297],[105.82417048300005,-5.8045398409999507],[105.82433975900005,-5.8040947239999809],[105.82461544800009,-5.8033360399999765],[105.82463214600006,-5.8032878719999417],[105.82470552500007,-5.8030732979999584],[105.82521775000004,-5.8013732599999344],[105.82561785500008,-5.7996433099999649],[105.82570821900003,-5.7991620269999657],[105.82572227700007,-5.799083244999963],[105.82591818900005,-5.7978120739999781],[105.82606288400007,-5.7963184329999535],[105.82680181500007,-5.7952824999999279],[105.82713645800004,-5.7947667449999472],[105.82715512900006,-5.7947372429999291],[105.82775457800005,-5.7937436599999614],[105.82858810100004,-5.7921763669999677],[105.82931748600004,-5.7905578299999547],[105.82993961100004,-5.7888949809999417],[105.83045181300008,-5.7871949409999388],[105.83083902200008,-5.7855299089999335],[105.83085006400006,-5.7854745919999573],[105.83086294000009,-5.7854096729999469],[105.83114919900004,-5.7836572179999735],[105.83132040400005,-5.7818897649999599],[105.83137582500007,-5.7801148809999745],[105.83131522500008,-5.7783401669999535],[105.83117608200007,-5.7768652959999258],[105.83116073700006,-5.7767394399999716],[105.83112352000006,-5.7764473659999567],[105.83083215600004,-5.7746957559999714],[105.83042703700005,-5.7729669819999572],[105.82990989800004,-5.7712684449999756],[105.82928295400006,-5.769607419999943],[105.82902162700009,-5.7690319809999551],[105.82983551100006,-5.7678909169999315],[105.83076956000008,-5.7663815789999262],[105.83160304400008,-5.7648142869999788],[105.83233239600008,-5.7631957509999552],[105.83295449400003,-5.7615329029999316],[105.83346667300003,-5.759832863999975],[105.83386674200005,-5.7581029129999592],[105.83404042700005,-5.7570395799999687],[105.83417266000004,-5.7568541839999625],[105.83510668300005,-5.7553448439999784],[105.83561393800005,-5.7544207839999331],[105.83562385300007,-5.7544018609999625],[105.83595005700005,-5.7537586249999322],[105.83667938700006,-5.7521400869999297],[105.83730146300007,-5.7504772369999273],[105.83781362400003,-5.748777195999935],[105.83821367600007,-5.7470472449999761],[105.83849990900006,-5.7452947909999352],[105.83867109700009,-5.7435273379999785],[105.83871245400007,-5.7426670679999461],[105.83871315700009,-5.742645232999962],[105.83872721200004,-5.7417306199999416],[105.83871586800007,-5.7409841499999743],[105.83870467900005,-5.7405975199999375],[105.83865542300003,-5.73956927699993],[105.83860844800006,-5.7389675609999813],[105.83859717600006,-5.7388412549999543],[105.83846779700008,-5.7376760269999636],[105.83817644700008,-5.7359244179999678],[105.83788051900007,-5.7346146399999611],[105.83778491900006,-5.7342353619999358],[105.83773909000007,-5.7340561229999594],[105.83770397300003,-5.7339206979999631],[105.83764063400008,-5.733680943999957],[105.83712352600008,-5.7319824089999543],[105.83702175400003,-5.7316890469999748],[105.83696169600006,-5.7315190679999546],[105.83676770300008,-5.7309877049999614],[105.83669575800008,-5.7307968329999426],[105.83662774600003,-5.7306045199999289],[105.83619950800005,-5.7294742609999503],[105.83616584300006,-5.7293910439999536],[105.83607155200008,-5.7291609999999764],[105.83533754000007,-5.7275445989999412],[105.83449956000004,-5.7259797439999716],[105.83356120200006,-5.7244731329999468],[105.83252648300004,-5.7230312179999601],[105.83217243000007,-5.7225803669999777],[105.83213466900008,-5.7225333149999642],[105.83136207500007,-5.7216131219999511],[105.83014832300006,-5.7203188179999529],[105.82885266400007,-5.7191067959999486],[105.82839298000005,-5.7187131479999493],[105.82815385200007,-5.7185129559999268],[105.82724151800005,-5.7177820529999508],[105.82648815500005,-5.7172251429999505],[105.82624666700008,-5.7170530019999433],[105.82605052900004,-5.7169108579999488],[105.82518898400008,-5.7163115849999713],[105.82470213200008,-5.7159942429999546],[105.82464669100005,-5.7159589469999332],[105.82428475600005,-5.7157366249999768],[105.82508700900007,-5.7148761709999576],[105.82620969200008,-5.7135018769999419],[105.82697217300006,-5.7124328179999679],[105.82805745900004,-5.7129234939999378],[105.82971752400005,-5.7135466109999697],[105.83141472300008,-5.7140596319999304],[105.83163357700005,-5.714117053999928],[105.83173873000004,-5.714144173999955],[105.83324694000004,-5.7144874809999351],[105.83499647300005,-5.7147742039999798],[105.83676098100005,-5.7149456909999685],[105.83853290900004,-5.7150012079999328],[105.84030466600007,-5.7149405169999454],[105.84166738900007,-5.714814343999933],[105.84170091700008,-5.7148103819999392],[105.84210219400006,-5.7147599169999808],[105.84385088100004,-5.714468088999979],[105.84557676600008,-5.7140623199999254],[105.84708819800005,-5.7136065649999637],[105.84716114000008,-5.7135822279999502],[105.84734539900006,-5.7135200109999573],[105.84900363600008,-5.7128920549999407],[105.85061731600007,-5.7121568039999602],[105.85217952800008,-5.7113174079999567],[105.85368358300008,-5.710377459999961],[105.85512304000008,-5.7093409869999618],[105.85649173400009,-5.7082124279999675],[105.85778380500005,-5.7069966159999694],[105.85899372000006,-5.7056987569999364],[105.86011629800004,-5.7043244109999591],[105.86113873100004,-5.7028914889999669],[105.86120034100009,-5.7027989339999294],[105.86120834200005,-5.702786906999961],[105.86214222000007,-5.7012775429999465],[105.86297554400005,-5.6997102289999475],[105.86370474700004,-5.6980916739999543],[105.86400002100004,-5.697343281999963],[105.86401226200007,-5.6973108559999446],[105.86433894700008,-5.6963963869999361],[105.86485100000004,-5.6946963379999715],[105.86525095400003,-5.6929663829999413],[105.86553710100009,-5.6912139279999678],[105.86564840400007,-5.6902120209999794],[105.86569061300008,-5.6897549919999619],[105.86575042200008,-5.688989448999962],[105.86580248400008,-5.6876797319999355],[105.86580592000007,-5.6874597799999265],[105.86581440200007,-5.6872850259999268],[105.86584633700005,-5.6859265149999487],[105.86578568400006,-5.6841518129999713],[105.86574147900006,-5.6836112759999651],[105.86580389700003,-5.6829353249999599],[105.86582011300004,-5.6827225269999531],[105.86584021300007,-5.6825100619999489],[105.86590567000007,-5.6816841049999312],[105.86596103800008,-5.6799744579999469],[105.86596115700007,-5.67984350699993],[105.86596113800005,-5.6797782769999685],[105.86592990400004,-5.6785155119999331],[105.86591109400007,-5.6781236599999261],[105.86588167900004,-5.6776117219999378],[105.86583270100004,-5.6769878219999441],[105.86582117500006,-5.6768598809999276],[105.86569376400007,-5.6757168519999368],[105.86564783400007,-5.675386863999961],[105.86562681900006,-5.6752423709999675],[105.86542170400008,-5.6740263919999734],[105.86538410900005,-5.6738307009999289],[105.86534378400006,-5.6736250779999295],[105.86493868100007,-5.6718963279999457],[105.86444477300006,-5.670266225999967],[105.86438008200008,-5.6700745829999732],[105.86435688900008,-5.6700061739999796],[105.86373000500004,-5.6683451789999708],[105.86316156200007,-5.6670697919999498],[105.86308406000006,-5.6669072739999251],[105.86291852100004,-5.6665662919999704],[105.86208058500006,-5.6650014709999255],[105.86125050900006,-5.6636579019999544],[105.86119046400006,-5.6635667529999409],[105.86108223900004,-5.6634037499999295],[105.86004759100007,-5.6619618759999639],[105.85892102700006,-5.6605908749999685],[105.85819186600008,-5.6597930789999396],[105.85804514700004,-5.6596388369999318],[105.85756065000004,-5.6591423729999519],[105.85626509800005,-5.6579303979999622],[105.85585860700007,-5.6575813839999682],[105.85567295400006,-5.6574251429999549],[105.85470754700003,-5.6566496559999564],[105.85429153800004,-5.6563371429999734],[105.85416064600008,-5.6562407659999394],[105.85313428200004,-5.6555210669999383],[105.85162761300006,-5.6545855619999656],[105.85043283000005,-5.6539362779999465],[105.85034537000007,-5.6538915569999517],[105.84997563700006,-5.6537060509999719],[105.84835997300007,-5.6529755479999722],[105.84670007900007,-5.652352460999964],[105.84636013800008,-5.6522399159999281],[105.84603702300006,-5.6521353079999699],[105.84467994700009,-5.6517348499999684],[105.84384460600006,-5.6515261079999277],[105.84356737100006,-5.6514614999999253],[105.84267584000008,-5.6512695199999712],[105.84092650400004,-5.6509827919999793],[105.83916219300005,-5.6508112889999325],[105.83907521400005,-5.6508077539999704],[105.83924394000007,-5.6490658419999704],[105.83926046900007,-5.6487846469999567],[105.83927449400005,-5.6485228949999282],[105.83929071200004,-5.6482612709999671],[105.83934276200006,-5.6465402509999763],[105.83931601700004,-5.6457563789999767],[105.83933998200007,-5.6456827609999323],[105.83976181100007,-5.6442551629999684],[105.84001166100006,-5.6432369249999397],[105.84002540000006,-5.6431758689999469],[105.84016660100008,-5.6425094729999614],[105.84018776900007,-5.6424030069999276],[105.84019020400007,-5.6423936659999754],[105.84024910600004,-5.6421742909999466],[105.84026592900005,-5.6421113299999774],[105.84066594700005,-5.6403813829999763],[105.84095216700007,-5.6386289289999354],[105.84098438400008,-5.638371402999951],[105.84101556200005,-5.6381121289999783],[105.84104895800004,-5.6378531329999646],[105.84121668100005,-5.6361125049999714],[105.84123094500006,-5.6358640149999246],[105.84128293200007,-5.6354927799999359],[105.84136004200008,-5.6348372119999794],[105.84136683100007,-5.6347727509999572],[105.84146337900006,-5.6345101099999511],[105.84197547400004,-5.6328100759999415],[105.84234585500008,-5.6312283179999554],[105.84237849500005,-5.6310674009999389],[105.84241627700004,-5.6309076169999344],[105.84263284100007,-5.6299081269999647],[105.84269045400004,-5.6296068029999446],[105.84270488600004,-5.629528941999979],[105.84272592100007,-5.6294526059999725],[105.84275857400007,-5.6293319919999476],[105.84285859300007,-5.6290765499999793],[105.84288881300006,-5.62899740499995],[105.84317759000004,-5.6281938469999773],[105.84333116100004,-5.6279039659999626],[105.84406036200005,-5.6262854379999681],[105.84468233400008,-5.6246225959999379],[105.84470391800005,-5.6245583269999315],[105.84473530600008,-5.6244644789999256],[105.84502058600003,-5.6235592309999447],[105.84504989700008,-5.6234602229999382],[105.84508533900004,-5.6233632479999756],[105.84531178200007,-5.6227186429999279],[105.84531800500008,-5.62270013899996],[105.84537724100005,-5.6225576249999563],[105.84593034000005,-5.6210963879999554],[105.84608477700004,-5.6206500119999419],[105.84615364400008,-5.6204484069999694],[105.84626994400008,-5.6200955829999657],[105.84630519000007,-5.6199861439999381],[105.84634635100008,-5.6198787979999452],[105.84648643200006,-5.619505285999935],[105.84652724800009,-5.6193939759999694],[105.84676366800005,-5.6187221099999647],[105.84702951100007,-5.617889813999966],[105.84707812700009,-5.617728715999931],[105.84713592500009,-5.6175340319999805],[105.84746621000005,-5.6166136299999607],[105.84797828000006,-5.6149135939999724],[105.84837826700004,-5.6131836469999712],[105.84866446300003,-5.6114311929999303],[105.84875331400008,-5.610513783999977],[105.84878341800004,-5.6104560709999305],[105.84905428600007,-5.6098871719999579],[105.84907084300005,-5.6098513329999378],[105.84952914500008,-5.608801701999937],[105.85015108900006,-5.607138857999928],[105.85066314600004,-5.6054388219999396],[105.85106312300007,-5.603708873999949],[105.85134931000005,-5.6019564209999544],[105.85152048100008,-5.6001889679999408],[105.85154440300005,-5.5997624159999759],[105.85154816000005,-5.5996844599999349],[105.85156455600008,-5.5989826799999491],[105.85158387100006,-5.5989106879999326],[105.85195744100008,-5.5973130119999723],[105.85197373500006,-5.597232427999927],[105.85199657400005,-5.5971534549999546],[105.85215385400005,-5.5965867139999546],[105.85227313700005,-5.5961078819999557],[105.85227561600004,-5.5961085009999465],[105.85230669400005,-5.5959834649999607],[105.85234358200006,-5.5958600239999328],[105.85256876600005,-5.5950623219999329],[105.85283009900007,-5.5939926779999496],[105.85283883400007,-5.5939534979999621],[105.85297747000004,-5.5932931949999443],[105.85326365100008,-5.5915407409999602],[105.85343481800004,-5.5897732879999467],[105.85349023900005,-5.5879984029999719],[105.85345938700004,-5.5867423099999769],[105.85345843800008,-5.5867224319999309],[105.85346477200005,-5.5866093789999809],[105.85348442800006,-5.5862043999999287],[105.85349396500004,-5.5859721669999658],[105.85350677400004,-5.5857400909999342],[105.85353522400004,-5.5850781299999426],[105.85353759800006,-5.585000951999973],[105.85354675100007,-5.5849242829999639],[105.85361304400004,-5.5843097389999343],[105.85364526000006,-5.5839754949999474],[105.85371522000008,-5.5831026759999531],[105.85377064300008,-5.5813277909999783],[105.85371008600004,-5.5795530739999322],[105.85370176000004,-5.5794325959999469],[105.85368873900006,-5.5792500629999608],[105.85352078700004,-5.5776035919999458],[105.85351816200006,-5.5775838939999289],[105.85347923500007,-5.5772925559999749],[105.85344119400008,-5.5770010999999613],[105.85343298700008,-5.5769387759999631],[105.85339878600007,-5.5766901719999282],[105.85332708900006,-5.5761862499999779],[105.85328980100007,-5.5759162009999272],[105.85301722400004,-5.574302338999928],[105.85261226900008,-5.5725735579999309],[105.85209533300008,-5.5708750129999771],[105.85167202100007,-5.5697181389999741],[105.85166257400004,-5.5696940279999581],[105.85145918300009,-5.5691898669999773],[105.85084771800007,-5.5678243079999561],[105.85074907100005,-5.5676193339999713],[105.85065353400006,-5.5674128879999785],[105.85035583400008,-5.5667904479999493],[105.84994094100006,-5.5659846999999445],[105.84991800600005,-5.5659419279999724],[105.84949517700005,-5.5651828049999494],[105.84941583200003,-5.565055369999925],[105.84941905600004,-5.5650119429999449],[105.84943818400006,-5.5647351259999596],[105.84949362700007,-5.5629602379999596],[105.84943309200008,-5.5611855179999452],[105.84942490700007,-5.5610669889999258],[105.84942309100006,-5.5610414929999479],[105.84942832100006,-5.561016474999974],[105.84949069100009,-5.5607092799999691],[105.84977688200007,-5.5589568279999639],[105.84994806500004,-5.5571893729999715],[105.85000350800004,-5.5554144849999716],[105.84999004400004,-5.5545970159999456],[105.84997828700006,-5.5542239449999329],[105.84997704200003,-5.5541853449999508],[105.84997201800007,-5.554032804999963],[105.84992619500008,-5.5531141529999672],[105.84985459600006,-5.5523963389999267],[105.84989292800009,-5.552161615999978],[105.85006411200004,-5.550394161999975],[105.85011955700008,-5.5486192739999751],[105.85005902900008,-5.546844551999925],[105.84992048400005,-5.5453737999999362],[105.84991028100006,-5.5452899549999302],[105.84987258400008,-5.5449937519999253],[105.84986627800004,-5.5449503049999294],[105.84988041200006,-5.5445799289999513],[105.84988438000005,-5.5445509189999598],[105.84990845300007,-5.5443703849999793],[105.85007963800007,-5.5426029309999763],[105.85013508600008,-5.5408280419999301],[105.85013272200007,-5.5405062609999618],[105.85013178200006,-5.5404354019999573],[105.85007362300007,-5.5389824609999323],[105.84992658600004,-5.5375082649999285],[105.84993262700004,-5.5375075489999404],[105.84991766700006,-5.5373808029999623],[105.84990872900005,-5.5372534879999762],[105.84984945100007,-5.5365427599999748],[105.84983625600006,-5.5364062039999453],[105.84972551800007,-5.5354407229999651],[105.84943432700004,-5.5336890989999574],[105.84920270100008,-5.5326393589999725],[105.84919114300004,-5.5325914979999311],[105.84901787100006,-5.5319124459999784],[105.84850099700009,-5.5302138879999347],[105.84792228600008,-5.5286798659999477],[105.84830129100004,-5.5279669389999526],[105.84903039500006,-5.5263484199999766],[105.84965229000005,-5.5246855859999755],[105.85016431300005,-5.5229855559999805],[105.85056427300009,-5.5212556119999476],[105.85085045900007,-5.5195031599999425],[105.85093219400005,-5.518803261999949],[105.85094633600005,-5.5186668429999486],[105.85103578700006,-5.5175992869999391],[105.85109124100006,-5.5158243979999497],[105.85103072900006,-5.514049674999967],[105.85085450800005,-5.5122827169999482],[105.85071611200004,-5.511361939999972],[105.85069804000005,-5.5112542839999605],[105.85066504800005,-5.5110742609999761],[105.85084987100004,-5.5099111819999393],[105.85102105900006,-5.5081437269999469],[105.85103911000004,-5.5078338639999629],[105.85104329100005,-5.5077542679999283],[105.85108069800003,-5.5062892429999692],[105.85107167200005,-5.505626288999963],[105.85106886400007,-5.5055174879999527],[105.85107242700008,-5.5054087089999371],[105.85108697400005,-5.5044798609999361],[105.85102646800004,-5.502705136999964],[105.85085025600006,-5.5009381779999558],[105.85082154600008,-5.5007283059999281],[105.85080940400007,-5.5006420499999535],[105.85056312200004,-5.4991817999999739],[105.85054496300006,-5.4990895319999709],[105.85052879300008,-5.4990080249999664],[105.85012393000005,-5.4972792289999575],[105.84960709900008,-5.4955806659999666],[105.84898051500005,-5.4939196109999671],[105.84854907100004,-5.4929354869999543],[105.84852945400007,-5.4928930449999598],[105.84851643700006,-5.4928481269999452],[105.84850485300007,-5.4928109339999764],[105.84852025600009,-5.4924930439999571],[105.84853451600009,-5.4921289869999441],[105.84855532600005,-5.4910262039999793],[105.84849483500005,-5.4892514769999252],[105.84838613500006,-5.4881613899999593],[105.84842115300006,-5.4879156189999776],[105.84850836000004,-5.4871624679999513],[105.84851823400004,-5.4870653679999464],[105.84853458700007,-5.4869691519999719],[105.84869231900007,-5.4859168739999404],[105.84878419000006,-5.4851174659999629],[105.84891975800008,-5.4837611769999626],[105.84899908600005,-5.4827931279999689],[105.84905455900008,-5.4810182369999438],[105.84901493600006,-5.4798556859999508],[105.84902011900004,-5.4798251719999485],[105.84918463900004,-5.479242812999928],[105.84958459200004,-5.4775128709999308],[105.84986526000006,-5.4758026289999293],[105.84989499400007,-5.4755765789999487],[105.84990051200003,-5.4755343699999344],[105.85004417100004,-5.4741539219999709],[105.85007079400003,-5.4738140319999502],[105.85009833200007,-5.4734270249999781],[105.85015380600004,-5.4716521339999531],[105.85014304600008,-5.4709246849999431],[105.85013034000008,-5.4704736759999264],[105.85012564300007,-5.4702699409999695],[105.85012109600007,-5.4699966319999476],[105.85009787200005,-5.4692378199999325],[105.85008765400005,-5.4690086419999488],[105.85008293800007,-5.4688820919999444],[105.85008278200007,-5.4688749369999528],[105.85008151400007,-5.4686523139999395],[105.85005066600007,-5.4675030559999414],[105.85004032900008,-5.4672877639999342],[105.85003686000005,-5.4671729279999681],[105.85003216100006,-5.4669668839999304],[105.85002549700005,-5.4666602059999718],[105.84997140600007,-5.4654379269999254],[105.84992013000004,-5.4647878429999537],[105.84988442100007,-5.464395235999973],[105.84985026600003,-5.4640898339999353],[105.84985081200006,-5.4640494409999292],[105.84985327000004,-5.4636434969999641],[105.84983592400005,-5.4627099119999798],[105.84982877600004,-5.4625100379999481],[105.84982767900004,-5.4624798379999788],[105.84982210500004,-5.4623286959999291],[105.84982360600009,-5.4621585829999617],[105.84982466500009,-5.4619174249999674],[105.84982465400009,-5.4616818599999419],[105.84982462700003,-5.4616447639999706],[105.84980364800003,-5.461000596999952],[105.84982456800009,-5.4603313099999582],[105.84981280700003,-5.4595689829999401],[105.84980565800004,-5.4593262799999707],[105.84977912800008,-5.4586837779999655],[105.84973995300004,-5.4579466369999636],[105.84973295400005,-5.4578008509999449],[105.84972644600003,-5.4575854069999536],[105.84972265400006,-5.4574682549999807],[105.84971550700004,-5.4572612449999269],[105.84968795700007,-5.4566577439999264],[105.84967945800008,-5.4565080819999707],[105.84967654800005,-5.4563582079999264],[105.84967598600008,-5.4563300219999746],[105.84966883200008,-5.4559802429999422],[105.84965400600004,-5.4554802769999355],[105.84964632300006,-5.4552825639999583],[105.84964580900004,-5.4550871259999667],[105.84964104100004,-5.4546443999999497],[105.84963388600005,-5.4542660679999813],[105.84962453600008,-5.4539011899999537],[105.84961739800008,-5.4536804819999247],[105.84961392000008,-5.4534596859999738],[105.84959510000004,-5.4530035219999604],[105.84959592100006,-5.4529921969999577],[105.84961162400003,-5.4527621319999753],[105.84966710600008,-5.4509872389999714],[105.84964976300006,-5.450053650999962],[105.84963546900008,-5.4496539039999448],[105.84960652200004,-5.449039230999972],[105.84960163000005,-5.4489555129999303],[105.84960345500008,-5.4488716729999283],[105.84960990200005,-5.4482783619999395],[105.84960988600005,-5.4479214459999525],[105.84960986000004,-5.4478844459999323],[105.84954938900006,-5.4461097169999562],[105.84937322400003,-5.4443427509999651],[105.84930445700007,-5.4438583619999577],[105.84929650600009,-5.4438057599999752],[105.84929332200005,-5.4437691679999602],[105.84915899800006,-5.4425462779999521],[105.84915155700008,-5.4424906919999785],[105.84914255900009,-5.4424239809999335],[105.84914043100008,-5.442356694999944],[105.84909352000005,-5.4414031949999639],[105.84891735900004,-5.4396362279999266],[105.84862626000006,-5.4378845899999533],[105.84857434400004,-5.4376322089999576],[105.84853597600005,-5.4365060079999807],[105.84853750500008,-5.4364622229999782],[105.84855229800007,-5.4356130219999272],[105.84856359100007,-5.4354685359999735],[105.84858595400004,-5.4351700879999498],[105.84860897600004,-5.4348716919999447],[105.84863403600008,-5.4345165939999447],[105.84868940400008,-5.4328700809999759],[105.84868969800004,-5.4327817069999469],[105.84869139400007,-5.4327566969999452],[105.84869819700003,-5.4326534859999356],[105.84872877200007,-5.4320811439999375],[105.84873575400007,-5.4319182379999802],[105.84874801800004,-5.4317556469999317],[105.84876952700006,-5.4314471049999611],[105.84882336400005,-5.4297617089999335],[105.84882342000009,-5.4297610829999599],[105.84887649500007,-5.4290700359999278],[105.84888788600006,-5.4288818029999675],[105.84889738800007,-5.4287152129999754],[105.84891207500004,-5.4285490009999648],[105.84896210200009,-5.4278922059999672],[105.84901759500008,-5.4261173119999739],[105.84895713900005,-5.4243425809999621],[105.84889258700008,-5.4235505149999312],[105.84887453900006,-5.423362951999934],[105.84887358500004,-5.4233464009999466],[105.84886355400005,-5.4231148839999719],[105.84882856800004,-5.4224794809999253],[105.84880234600007,-5.4221223439999449],[105.84879320200008,-5.4220081029999392],[105.84877151500007,-5.4210218259999579],[105.84875722400005,-5.4206863249999628],[105.84872366200005,-5.4200726769999505],[105.84872470500005,-5.4198127319999685],[105.84866425300004,-5.4180379999999673],[105.84863046800007,-5.4175883459999454],[105.84854501700005,-5.4165646999999808],[105.84852411400004,-5.4160655069999279],[105.84852243100005,-5.416040493999958],[105.84851572900004,-5.41594153799997],[105.84851554000005,-5.415842353999949],[105.84845511400005,-5.4140816579999296],[105.84842912300007,-5.4137273889999733],[105.84841766500006,-5.4135840489999509],[105.84841278500005,-5.4134619729999258],[105.84840682500004,-5.4133066879999774],[105.84836636000006,-5.412537092999969],[105.84826074400007,-5.4113486749999424],[105.84823347500009,-5.4111030779999396],[105.84822410000004,-5.4110090959999297],[105.84820239800007,-5.4107636489999322],[105.84819166200003,-5.4106451889999789],[105.84817613600006,-5.4104779279999775],[105.84817423000004,-5.4104260649999674],[105.84816714900006,-5.4102067259999558],[105.84815961000004,-5.4099270029999502],[105.84814955600007,-5.4096346309999603],[105.84814869600007,-5.4093881219999389],[105.84816906600008,-5.4091723679999291],[105.84817998100004,-5.4090182539999319],[105.84819636500004,-5.408864628999936],[105.84823448500003,-5.40848146299993],[105.84825577700008,-5.408250890999966],[105.84831546400005,-5.4074872089999531],[105.84833902500009,-5.4070684469999719],[105.84834637800009,-5.4069169219999367],[105.84837832000005,-5.4055607899999814],[105.84837524400007,-5.4051878599999554],[105.84836239400005,-5.4043371699999625],[105.84834596200005,-5.4037173549999693],[105.84833760400005,-5.4034969409999576],[105.84829843800009,-5.4027416419999668],[105.84829295400004,-5.4026583179999648],[105.84829118500005,-5.4026316279999378],[105.84815294300006,-5.4011626089999254],[105.84812461700005,-5.4009295709999492],[105.84812260200005,-5.400910873999976],[105.84812158000005,-5.4008365459999368],[105.84806368500006,-5.3993979729999637],[105.84804928400007,-5.3991939149999553],[105.84802183800008,-5.3988247869999668],[105.84795692400007,-5.3980875559999504],[105.84786743900008,-5.3972083549999752],[105.84783313800006,-5.3967811279999296],[105.84776696600005,-5.3960757239999566],[105.84770555500006,-5.3953421929999763],[105.84759412100004,-5.3942681159999779],[105.84749300900006,-5.3934517919999507],[105.84748085800004,-5.3933445139999776],[105.84747810700009,-5.3933176849999427],[105.84742580500006,-5.392709482999976],[105.84732461000004,-5.3917376189999686],[105.84730993600004,-5.3916176589999623],[105.84730108400004,-5.3914973019999479],[105.84719585400006,-5.3903813979999313],[105.84717484800007,-5.3901989539999704],[105.84716223900006,-5.3900571409999429],[105.84711843300005,-5.3895468919999416],[105.84711572500004,-5.3894958799999699],[105.84705894200005,-5.3887857299999382],[105.84703923400008,-5.3885741739999276],[105.84702714000008,-5.3884119149999492],[105.84701768700006,-5.3882785109999531],[105.84700947800007,-5.3880951909999339],[105.84697624700004,-5.387499393999974],[105.84697417100006,-5.387471608999931],[105.84704765800006,-5.3865828129999613],[105.84710317200006,-5.3848079169999323],[105.84704274400008,-5.3830331819999628],[105.84701514300008,-5.3826588009999341],[105.84699667700005,-5.3824298769999359],[105.84699356900006,-5.382389772999943],[105.84699387200004,-5.3823066699999345],[105.84699402600006,-5.3821700659999578],[105.84693360000006,-5.3803953299999421],[105.84675749000007,-5.3786283549999325],[105.84646645400005,-5.3768767069999512],[105.84634401100004,-5.3763536699999577],[105.84629006100005,-5.3750525409999454],[105.84622861500009,-5.3742927649999501],[105.84621775700003,-5.3741784589999497],[105.84621315600003,-5.3740637289999427],[105.84621230400006,-5.37404268399996],[105.84620605700007,-5.3738898489999656],[105.84617420500007,-5.3732789989999787],[105.84615311900006,-5.3729465589999563],[105.84614036100004,-5.3727198939999425],[105.84613352800005,-5.3726088549999531],[105.84619428600007,-5.3719267729999274],[105.84623878500008,-5.3713603109999326],[105.84630148500008,-5.3704389819999392],[105.84630870000007,-5.3703297219999513],[105.84631668900005,-5.3701319769999714],[105.84644183100005,-5.3698541369999475],[105.84660499600005,-5.3694485419999296],[105.84661761400008,-5.36941643199998],[105.84707625700008,-5.3681592119999664],[105.84758822400005,-5.3664591949999476],[105.84798815700009,-5.3647292589999438],[105.84827434700009,-5.3629768099999637],[105.84844556800005,-5.3612093519999462],[105.84850108700005,-5.3594344549999278],[105.84847845000007,-5.3583619339999586],[105.84847414500007,-5.3582565399999567],[105.84843636400007,-5.3575543259999563],[105.84826026700006,-5.3557873489999679],[105.84796924700004,-5.3540356999999403],[105.84756455300004,-5.3523068769999327],[105.84704791500008,-5.3506082839999749],[105.84642154800008,-5.3489471929999581],[105.84572005100006,-5.3474010619999603],[105.84569891000007,-5.34657821899998],[105.84565604200009,-5.3457216199999493],[105.84562960800008,-5.3452690149999285],[105.84560983400007,-5.3449938599999314],[105.84559554900005,-5.3448082649999265],[105.84543924400003,-5.3433164409999563],[105.84521838600006,-5.3419285879999734],[105.84521268600008,-5.3418979009999248],[105.84521405000004,-5.3418667169999594],[105.84524004100007,-5.3406767309999736],[105.84524003200005,-5.3404839959999322],[105.84524000600004,-5.3404479529999662],[105.84523946300004,-5.3403093119999312],[105.84523900100004,-5.3402378229999385],[105.84524538700003,-5.3401666189999446],[105.84527458800005,-5.3398154889999319],[105.84527503900006,-5.3398096019999457],[105.84528379500006,-5.3397623789999784],[105.84530483700007,-5.3396860169999627],[105.84536895500008,-5.3394491599999583],[105.84576888900006,-5.3377192259999333],[105.84598709900007,-5.3364539719999584],[105.84602834800006,-5.3362742079999634],[105.84606988900003,-5.336090249999927],[105.84614125800005,-5.3357690219999654],[105.84627559900008,-5.3351279879999538],[105.84641858800006,-5.3343414809999672],[105.84645049700003,-5.3341500119999523],[105.84648681100003,-5.3339593329999389],[105.84655216300007,-5.3336033119999797],[105.84660194100007,-5.3333215859999541],[105.84665292600005,-5.3330400769999642],[105.84677222900007,-5.3323275279999507],[105.84682932100009,-5.3319563319999475],[105.84691862300008,-5.3313268219999372],[105.84705890000004,-5.3299894009999775],[105.84707316700008,-5.3298109399999589],[105.84708249300007,-5.3296909529999539],[105.84709442400003,-5.3295329299999707],[105.84711172900006,-5.3293754069999295],[105.84715933100006,-5.328847082999971],[105.84727848500006,-5.3283771619999811],[105.84737840600008,-5.3279631349999477],[105.84762439000008,-5.3268403219999527],[105.84782803200005,-5.3255933469999377],[105.84794529400006,-5.3251795159999347],[105.84799096100005,-5.3250054229999364],[105.84814798000008,-5.32439865799995],[105.84820354000004,-5.3241802289999782],[105.84833914500007,-5.3236377089999678],[105.84839959300007,-5.3233670519999805],[105.85007646800005,-5.3230871749999551],[105.85180125500005,-5.3226815579999425],[105.85349588000008,-5.3221637339999575],[105.85515308400005,-5.3215359209999633],[105.85676577100008,-5.3208008089999339],[105.85832703400007,-5.3199615449999555],[105.85983018700006,-5.3190217249999705],[105.86126879300008,-5.3179853719999528],[105.86263669200008,-5.3168569259999572],[105.86392802600005,-5.3156412179999393],[105.86513726600003,-5.3143434569999499],[105.86625923400004,-5.312969197999962],[105.86726867500005,-5.311555053999939],[105.86733076900003,-5.3114618959999689],[105.86735121900006,-5.3114311689999454],[105.86828462400007,-5.3099218739999401],[105.86911754700009,-5.3083546189999424],[105.86984642100003,-5.3067361139999321],[105.87046812600005,-5.3050732909999283],[105.87061878200007,-5.3046092519999775],[105.87066508500004,-5.3045115369999394],[105.87073506500008,-5.3043617459999268],[105.87080974900005,-5.3042142549999767],[105.87096622500007,-5.3039002189999565],[105.87169509000006,-5.3022817129999567],[105.87209443000006,-5.3012451079999323],[105.87233918800007,-5.3007703419999643],[105.87241536500005,-5.3006185229999687],[105.87249608200005,-5.3004690799999707],[105.87257485800006,-5.3003199719999543],[105.87289738100009,-5.299852560999966],[105.87380252500009,-5.2983923229999732],[105.87390959500004,-5.2982067219999749],[105.87393782800007,-5.2981576619999373],[105.87424701800006,-5.2975895509999305],[105.87427348800009,-5.2975420539999618],[105.87432342100004,-5.2974660729999528],[105.87517984000004,-5.2960732159999679],[105.87573107100008,-5.2950641609999707],[105.87580930000007,-5.2949134619999541],[105.87589203700009,-5.2947652019999509],[105.87639077100005,-5.2938289799999438],[105.87656765100007,-5.2934807179999552],[105.87691499500005,-5.2928107859999614],[105.87719048500009,-5.2922644699999637],[105.87735588400005,-5.291920991999973],[105.87760570800003,-5.2913927459999286],[105.87816914700005,-5.2901177139999618],[105.87876773300007,-5.2885177349999708],[105.87886863600005,-5.2882759929999565],[105.87946190700006,-5.286696964999976],[105.87956603200007,-5.2863913429999343],[105.87963456600005,-5.2862173769999572],[105.87972361600004,-5.2859808809999436],[105.87981504500004,-5.2857452999999737],[105.87983646300006,-5.2856899369999724],[105.87987926600005,-5.2855789299999287],[105.87992779100006,-5.2854703159999303],[105.88024620700008,-5.2847281819999807],[105.88042322000007,-5.2842871679999348],[105.88053291600005,-5.2840068019999649],[105.88066518600004,-5.2837452439999311],[105.88069395500008,-5.283687097999973],[105.88072506200007,-5.2836323849999758],[105.88089383200008,-5.2833310979999624],[105.88101009900004,-5.2831204069999558],[105.88112896700005,-5.2829111809999745],[105.88159664400007,-5.2820263339999656],[105.88161818200007,-5.2819890129999294],[105.88245104200007,-5.2804217499999595],[105.88294644800004,-5.2793531199999393],[105.88299272100005,-5.2792473569999743],[105.88325597400006,-5.2787208059999671],[105.88335040900006,-5.2785300529999404],[105.88367261900004,-5.2778469649999806],[105.88432061100008,-5.2766128279999407],[105.88504942000009,-5.2749943159999475],[105.88527819100005,-5.2744199669999716],[105.88528603700007,-5.274399596999956],[105.88530286900004,-5.274368150999976],[105.88574488500007,-5.2735057119999738],[105.88647368700003,-5.2718871999999806],[105.88667176300004,-5.2713597229999323],[105.88667731900006,-5.2713619169999788],[105.88669858500003,-5.271307811999975],[105.88672617100008,-5.2712566559999345],[105.88691195600006,-5.2709060269999668],[105.88714841500007,-5.2704517699999656],[105.88717519100004,-5.2704001959999687],[105.88730389400007,-5.2701516499999457],[105.88743390900004,-5.2699037919999796],[105.88751140100004,-5.2697549479999566],[105.88757316900006,-5.2696354039999278],[105.88783147200007,-5.2691222589999711],[105.88843287400005,-5.2678080259999547],[105.88852832300006,-5.2675838689999637],[105.88865571400004,-5.2672795879999512],[105.88870814200004,-5.267151265999928],[105.88878124000007,-5.2669710399999303],[105.88885845300007,-5.2667925459999765],[105.88904705300007,-5.2663456459999338],[105.88919562400008,-5.2659769999999639],[105.88930704700005,-5.2656945899999528],[105.88941890200005,-5.2654123519999416],[105.88990727900006,-5.2640794239999309],[105.89041908300004,-5.2623793989999399],[105.89042503300004,-5.2623569719999637],[105.89044117900005,-5.2622960099999432],[105.89083501900006,-5.2605884979999473],[105.89112108500007,-5.2588360509999461],[105.89129220100006,-5.2570685999999682],[105.89134763700008,-5.2552937149999366],[105.89128715600003,-5.2535189959999684],[105.89126260400008,-5.253182838999976],[105.89125517100007,-5.2530890659999727],[105.89110358400006,-5.2516582679999715],[105.89106760600004,-5.2514417369999364],[105.89105518600007,-5.2507603389999531],[105.89104250000008,-5.2503983739999285],[105.89099868500006,-5.2495378019999634],[105.89082255100004,-5.2477708469999698],[105.89073026700004,-5.2471336839999481],[105.89069315700004,-5.2468972269999767],[105.89068761200008,-5.246722019999936],[105.89068789100008,-5.2464957279999567],[105.89068788500003,-5.2464235929999745],[105.89067613100008,-5.245661651999967],[105.89066674600008,-5.2453428669999766],[105.89063095200004,-5.2445352299999399],[105.89058153100007,-5.2437006909999582],[105.89056860500006,-5.2434955479999417],[105.89050730900004,-5.2427375099999267],[105.89048010500005,-5.2424509879999732],[105.89036527100006,-5.2414420699999482],[105.89026232100008,-5.2408040119999555],[105.89020553000006,-5.239430486999936],[105.89010929900007,-5.238465061999932],[105.89010176800008,-5.2382980949999478],[105.89010066900005,-5.2382376499999737],[105.89008516900009,-5.2376893389999282],[105.89005061700004,-5.2367886389999398],[105.89004790200005,-5.2366474159999257],[105.89003391500006,-5.2361534859999779],[105.89000792000007,-5.235458613999981],[105.88996644200006,-5.2346623779999391],[105.88985971600005,-5.2334639309999602],[105.88980904900006,-5.2330090879999602],[105.88973965500008,-5.2324405769999771],[105.88972688300004,-5.2323456579999288],[105.88966245700004,-5.2318731479999769],[105.88958065300005,-5.2311763519999772],[105.88957680000004,-5.2311474479999447],[105.88952263100003,-5.230742758999952],[105.88949861600008,-5.2305794219999484],[105.88949848500005,-5.2305734479999728],[105.88948110300004,-5.2300265319999539],[105.88944782200008,-5.2292313729999478],[105.88941113000004,-5.2285558399999559],[105.88933101000003,-5.227606643999934],[105.88924247100005,-5.2267392079999695],[105.88922000600007,-5.2265478279999797],[105.88921978400003,-5.2265396879999457],[105.88916938900007,-5.2254674749999594],[105.88907799800006,-5.2245221479999486],[105.88908365300006,-5.224521612999979],[105.88906983100009,-5.2243748679999271],[105.88906163900003,-5.2242276989999255],[105.88904320600005,-5.2239266489999636],[105.88904021800005,-5.2238824659999636],[105.88901255300004,-5.2234781799999723],[105.88900336600005,-5.2233484779999344],[105.88898609200004,-5.2231126089999407],[105.88897194500004,-5.2228765289999615],[105.88896017800005,-5.2226908179999327],[105.88895404500005,-5.222601228999963],[105.88893170700004,-5.2222826149999264],[105.88885694200007,-5.2214153719999672],[105.88885400700008,-5.221386683999981],[105.88885301000005,-5.2213605999999686],[105.88884538200006,-5.2211771079999494],[105.88883309200008,-5.2209037479999552],[105.88883116500006,-5.2206820269999525],[105.88880399500005,-5.2196802049999746],[105.88878033700007,-5.2191610019999644],[105.88874805300009,-5.2185862869999369],[105.88866623100006,-5.2177653289999739],[105.88866664100004,-5.2177595429999428],[105.88872209900006,-5.2159846549999429],[105.88872201100008,-5.2159439899999711],[105.88872141400009,-5.2157382189999453],[105.88872925500004,-5.2154521129999694],[105.88873289600008,-5.2152767869999366],[105.88874151700008,-5.2151016359999289],[105.88877406000006,-5.2139025809999566],[105.88877779200004,-5.2131688589999499],[105.88877811800006,-5.2129922219999685],[105.88875874000007,-5.2120031269999458],[105.88875131700007,-5.2118067239999277],[105.88871024600007,-5.211021093999932],[105.88866076100004,-5.2103905259999692],[105.88863777400007,-5.2101356379999402],[105.88862138400003,-5.2099602549999418],[105.88861034800004,-5.2098461459999612],[105.88860557000004,-5.2097316029999661],[105.88857201300004,-5.2091022409999255],[105.88854766700007,-5.2087273589999654],[105.88854438300007,-5.2086774989999753],[105.88853215700004,-5.2085029009999744],[105.88851924100004,-5.208326584999952],[105.88851126300005,-5.2081499749999693],[105.88847850600007,-5.207564778999938],[105.88844265700004,-5.2070904309999264],[105.88843239600004,-5.2069688239999437],[105.88842827100007,-5.2068468519999556],[105.88841078500008,-5.2064262289999306],[105.88839146300006,-5.2060345379999262],[105.88837711200006,-5.2057037559999344],[105.88834221000008,-5.2050700989999541],[105.88831260200004,-5.2046709649999343],[105.88830259300005,-5.2045482649999713],[105.88829870000006,-5.2044252179999262],[105.88827130300007,-5.2037924429999407],[105.88825663600005,-5.2035256029999459],[105.88824068500008,-5.2032592519999525],[105.88823308600007,-5.2031419979999782],[105.88823124400005,-5.2030266849999407],[105.88817424500007,-5.2016483179999682],[105.88812869600008,-5.2010617779999393],[105.88811327900004,-5.2008876529999384],[105.88811096000006,-5.2008382429999642],[105.88810263500005,-5.200597408999954],[105.88809409600009,-5.2003763819999449],[105.88807747300007,-5.1999871589999316],[105.88805668900005,-5.1995741579999617],[105.88802607100007,-5.1990457669999728],[105.88802516200008,-5.1990294659999563],[105.88802539800008,-5.1989845609999747],[105.88802574500005,-5.1988037339999664],[105.88801651200004,-5.1981320639999353],[105.88801053100008,-5.1979029069999569],[105.88800793200005,-5.1976736879999521],[105.88798294700007,-5.1967763929999364],[105.88797967500005,-5.19670264399997],[105.88795593700007,-5.1958004359999563],[105.88793689100004,-5.1952719679999291],[105.88792507800008,-5.1950138959999776],[105.88791560200008,-5.1947557299999403],[105.88787344700006,-5.1939408429999503],[105.88781794200008,-5.1932443639999519],[105.88778757100005,-5.1929164949999631],[105.88778572200005,-5.1928953279999632],[105.88778433400006,-5.192803506999951],[105.88778106800004,-5.1926259159999404],[105.88777343000004,-5.1922730999999658],[105.88774434100009,-5.1914733219999789],[105.88773515700007,-5.1912936359999549],[105.88772380700004,-5.1911010699999451],[105.88776140200008,-5.1900416749999749],[105.88777638200008,-5.1888291419999746],[105.88777843100007,-5.18845504199993],[105.88771799800008,-5.186680315999979],[105.88770642300005,-5.1865163509999661],[105.88775859200007,-5.1859004169999707],[105.88779580300007,-5.1851609189999408],[105.88780784900007,-5.1848325509999427],[105.88782356300004,-5.1839416089999304],[105.88788578500004,-5.1831725319999578],[105.88793602700008,-5.1819705489999706],[105.88794048600005,-5.1817437669999435],[105.88794571900007,-5.1811708619999308],[105.88793755400008,-5.1805412429999365],[105.88793309400006,-5.1803595489999452],[105.88793344500004,-5.1801795309999648],[105.88793389900007,-5.1799619169999573],[105.88793797600005,-5.1797471659999701],[105.88794113700004,-5.1795836279999321],[105.88794954700006,-5.1794157139999584],[105.88798357100006,-5.1781007129999352],[105.88798387300005,-5.1779218259999311],[105.88798906700003,-5.1777430129999402],[105.88799204700007,-5.1776326559999575],[105.88799812000008,-5.1773895599999378],[105.88800709000009,-5.1771465549999789],[105.88802341700006,-5.1764879499999665],[105.88802564800005,-5.1763119859999733],[105.88802664200006,-5.1762877129999652],[105.88803256200003,-5.1761740889999714],[105.88804174300009,-5.1760208249999664],[105.88805953900004,-5.1757597399999327],[105.88806702400007,-5.175646459999939],[105.88811485700006,-5.1745554809999703],[105.88811823100008,-5.1744133899999269],[105.88812587500007,-5.1737294789999737],[105.88811978700005,-5.1732361919999335],[105.88813997500006,-5.17305926399996],[105.88815760200004,-5.1728890939999701],[105.88824688200003,-5.1718230019999396],[105.88829878700005,-5.1705048259999558],[105.88834306900009,-5.1699148459999265],[105.88838381500005,-5.1690720909999754],[105.88850252600008,-5.1677393149999489],[105.88850592600005,-5.1676852169999279],[105.88855033500005,-5.1673589679999736],[105.88872147800004,-5.1655915169999389],[105.88875778900007,-5.1648762829999555],[105.88876246800004,-5.1647517859999539],[105.88877323400004,-5.1646276679999801],[105.88881951400003,-5.1640134829999624],[105.88887325500008,-5.1625460749999661],[105.88887376000008,-5.1625397829999429],[105.88888279000008,-5.1624239779999357],[105.88890267100004,-5.1621618249999415],[105.88892470900004,-5.1618998439999473],[105.88896494900007,-5.1613563439999552],[105.88901798500007,-5.1599858939999308],[105.88901983100004,-5.1598489139999515],[105.88902504500004,-5.1598011039999392],[105.88912989700003,-5.1585885519999692],[105.88914128300007,-5.1584003519999442],[105.88915317200008,-5.1581918369999471],[105.88917316600003,-5.1577885619999506],[105.88918388500008,-5.1575341959999719],[105.88919708300006,-5.1572799459999601],[105.88920876600008,-5.1570332039999585],[105.88922127700005,-5.1567409589999329],[105.88923474000006,-5.1564487559999748],[105.88926355100006,-5.1551585869999599],[105.88923231200005,-5.1538924879999399],[105.88922406800003,-5.1537206649999803],[105.88922088900006,-5.153548672999932],[105.88917263800005,-5.1523557159999314],[105.88916675800004,-5.1522615679999717],[105.88916768500007,-5.152219352999964],[105.88917422500003,-5.1515838399999438],[105.88912703900007,-5.150197726999977],[105.88912708700008,-5.1501977249999413],[105.88912684200005,-5.1501919629999406],[105.88911381000008,-5.1498091119999572],[105.88910649100006,-5.1497118729999443],[105.88909201500007,-5.1493703829999617],[105.88905598700006,-5.1487101649999545],[105.88901057600003,-5.148125049999976],[105.88899306300004,-5.1479270869999709],[105.88897520100005,-5.1475979339999753],[105.88895473200006,-5.1472596779999549],[105.88891464800008,-5.1467355369999268],[105.88887971200006,-5.1463302579999777],[105.88881094800007,-5.145636536999973],[105.88876463400004,-5.1452233109999383],[105.88870634400007,-5.1447420169999418],[105.88867989700009,-5.1445388299999308],[105.88865757800005,-5.1443351469999357],[105.88858297400009,-5.1437192509999363],[105.88857820700008,-5.1436835149999638],[105.88851616600004,-5.1432207589999734],[105.88851343500005,-5.1431952429999797],[105.88848483000004,-5.1429394079999611],[105.88845003600005,-5.1426410279999573],[105.88843011800009,-5.142467136999926],[105.88836132300008,-5.1418133009999565],[105.88827859800006,-5.141114125999934],[105.88825074300007,-5.1409022359999312],[105.88822674500005,-5.1406898709999496],[105.88818411400007,-5.1403336799999693],[105.88812309900004,-5.139850876999958],[105.88810678400006,-5.1397112169999559],[105.88807752600007,-5.1394440739999254],[105.88801296900004,-5.1389044939999735],[105.88797670100007,-5.1386250419999442],[105.88794182800007,-5.1383454119999783],[105.88791448300009,-5.138132953999957],[105.88788486400006,-5.1379164499999774],[105.88785034000006,-5.1376714209999363],[105.88784031900008,-5.1375941069999271],[105.88783456400006,-5.1375448979999305],[105.88782925800007,-5.1374938969999562],[105.88782051300007,-5.1373992659999317],[105.88780083800003,-5.1371648169999276],[105.88765966600005,-5.1358607069999493],[105.88736874200004,-5.1341090649999614],[105.88717051700007,-5.1332619779999504],[105.88709129100005,-5.1327176649999728],[105.88702399500005,-5.132280299999934],[105.88697031800007,-5.1319493719999514],[105.88696296200004,-5.1318807419999644],[105.88688145500004,-5.1312011069999812],[105.88687011500008,-5.1311166659999685],[105.88685530600009,-5.1310077009999304],[105.88684681100005,-5.1308980589999464],[105.88669164700008,-5.1294204769999396],[105.88665360200008,-5.12914712099996],[105.88664074300004,-5.1289323539999714],[105.88661218800007,-5.1285460179999518],[105.88659651400008,-5.128352677999942],[105.88659077100004,-5.1281336699999542],[105.88653970000007,-5.1270346549999317],[105.88650652100006,-5.1265920099999676],[105.88649211100005,-5.1264187339999694],[105.88648271100004,-5.1262451119999355],[105.88646209000007,-5.1259039819999543],[105.88633656300004,-5.1245609589999503],[105.88633396200004,-5.124504725999941],[105.88630260100007,-5.1239496489999397],[105.88626437600004,-5.123447098999975],[105.88625253700008,-5.1233084509999571],[105.88624650400004,-5.123169427999926],[105.88621166800004,-5.12253678299993],[105.88612254400005,-5.1215002779999281],[105.88609371300004,-5.1212264209999603],[105.88606815900005,-5.1209686929999521],[105.88599898000007,-5.1202622999999789],[105.88598644300004,-5.120137265999972],[105.88596043400008,-5.1198837539999431],[105.88593688200007,-5.1196299999999724],[105.88584345400005,-5.1187716219999402],[105.88582121200005,-5.1185935839999388],[105.88581808100008,-5.118561437999972],[105.88576450000005,-5.1179420259999802],[105.88574859800008,-5.1177649299999644],[105.88573886400007,-5.1176603639999598],[105.88573554400006,-5.117555397999979],[105.88568872900004,-5.1166033479999555],[105.88566160400006,-5.1162346769999658],[105.88564755600004,-5.1160599849999358],[105.88563848400008,-5.1158849629999281],[105.88561572000003,-5.1155010209999432],[105.88561732600004,-5.1153357299999698],[105.88561682900007,-5.115204404999929],[105.88561509200008,-5.1149244199999657],[105.88561483800004,-5.114644430999931],[105.88561482400007,-5.1146317199999771],[105.88559497600005,-5.1136375379999777],[105.88560980700004,-5.1132444769999665],[105.88561725200009,-5.1129981499999531],[105.88562747600008,-5.1127519239999515],[105.88565089700006,-5.1116352719999441],[105.88565104900005,-5.1112931599999456],[105.88565119000003,-5.1111273239999377],[105.88565954600006,-5.110933475999957],[105.88566477200004,-5.1108051959999443],[105.88567446100006,-5.1105527459999394],[105.88568403700003,-5.1103553189999502],[105.88570243700008,-5.1100052029999574],[105.88573772900008,-5.1089236989999449],[105.88574609100004,-5.1082670639999606],[105.88574813500009,-5.1080144109999424],[105.88574871600008,-5.1078459609999527],[105.88575445300006,-5.1076776079999604],[105.88576982500007,-5.1069007439999723],[105.88577236700007,-5.1064388249999411],[105.88578959800009,-5.1055702809999275],[105.88578336700004,-5.1050241369999299],[105.88577639000005,-5.1046988609999744],[105.88576642800007,-5.104343015999973],[105.88575751200005,-5.10408487899997],[105.88575421900003,-5.1039555899999414],[105.88575231700008,-5.1038366669999391],[105.88575078700006,-5.1035897679999493],[105.88574533800005,-5.1031884389999504],[105.88572161100006,-5.1020560429999477],[105.88567285100004,-5.1009434579999606],[105.88566017600004,-5.1005666299999461],[105.88561515400005,-5.0996693529999675],[105.88557216200007,-5.0991115679999552],[105.88556090200007,-5.0989827849999756],[105.88555564300003,-5.0988536159999285],[105.88552483700005,-5.0982578469999567],[105.88550811800008,-5.0979911939999738],[105.88549339100007,-5.0977244229999314],[105.88547435400005,-5.0974121899999432],[105.88542186200004,-5.0967481449999354],[105.88539870300008,-5.0964946989999476],[105.88537801700005,-5.0962410379999596],[105.88532314700007,-5.0956604999999513],[105.88532409400005,-5.0954307709999398],[105.88527925100004,-5.0939060489999406],[105.88525801500003,-5.0935367229999429],[105.88524248500005,-5.093286710999962],[105.88522213400006,-5.0930039599999759],[105.88520146500008,-5.0927362659999744],[105.88518273500006,-5.092468427999961],[105.88516248500008,-5.0921981829999368],[105.88513607900006,-5.0918678749999344],[105.88512401800006,-5.0916980339999327],[105.88510441400007,-5.091407606999951],[105.88498936000008,-5.0901430969999524],[105.88490216400004,-5.089382015999945],[105.88478032500007,-5.0882007869999484],[105.88472741700008,-5.0877849659999583],[105.88471857200005,-5.0877135059999432],[105.88471592200005,-5.0876447469999562],[105.88467572500008,-5.086881028999926],[105.88466938500005,-5.0867884149999441],[105.88465731200006,-5.0866163389999315],[105.88465041000006,-5.0864470389999497],[105.88463721200009,-5.0861214899999254],[105.88462920500007,-5.0859390859999394],[105.88462328600008,-5.0858138459999509],[105.88462345000005,-5.0856884649999756],[105.88462344700008,-5.0856158519999326],[105.88456308200006,-5.0838411159999737],[105.88449864900008,-5.0830496439999706],[105.88448597400009,-5.0829177759999311],[105.88447923300004,-5.0827854689999299],[105.88447677900007,-5.0827381109999692],[105.88446347200005,-5.0824855659999457],[105.88445919700007,-5.0823852589999774],[105.88445202200006,-5.0821566939999343],[105.88440976900006,-5.0812710649999531],[105.88439864600008,-5.0810974119999628],[105.88439253400009,-5.0809235089999447],[105.88434893900006,-5.0800675049999313],[105.88428730700008,-5.0793053199999463],[105.88427824800004,-5.0792099899999812],[105.88424072500004,-5.0784988049999811],[105.88420504400005,-5.0780261389999737],[105.88417872500008,-5.0777137569999695],[105.88415598900008,-5.0774436899999387],[105.88411306800003,-5.0769140839999523],[105.88408578700006,-5.0766000569999505],[105.88406896000004,-5.0764185729999554],[105.88406176000007,-5.0762879069999371],[105.88404258800006,-5.0759731649999367],[105.88399448300004,-5.0753575269999374],[105.88397947300007,-5.0751899499999809],[105.88396961100005,-5.0750219899999252],[105.88396110100007,-5.0748863109999434],[105.88403038900009,-5.074634997999965],[105.88443016600007,-5.0729050709999797],[105.88471625400007,-5.0711526279999362],[105.88488742700008,-5.0693851739999332],[105.88489317100004,-5.0692929679999565],[105.88491875600005,-5.0688706879999472],[105.88496696700008,-5.067519903999937],[105.88496891300008,-5.0673403299999791],[105.88501552200006,-5.0664298529999314],[105.88505108100009,-5.0650016699999583],[105.88504908100003,-5.0647066639999707],[105.88504701100004,-5.0645370369999796],[105.88505006800006,-5.0643674239999541],[105.88505446200008,-5.0638400379999666],[105.88504160300005,-5.0633479989999728],[105.88505377700005,-5.0624323559999311],[105.88505615600008,-5.0620336419999603],[105.88504967800009,-5.0614757739999732],[105.88504660800004,-5.0613353759999313],[105.88504212400005,-5.0604966179999451],[105.88503721900008,-5.0601053339999567],[105.88501931100006,-5.0591975569999477],[105.88502163400005,-5.058948437999959],[105.88502279300008,-5.0586576219999415],[105.88502240300005,-5.0585442219999663],[105.88501797800006,-5.0577433359999304],[105.88501685400007,-5.0576043469999377],[105.88500134400005,-5.0561456849999331],[105.88499874500008,-5.0560114949999502],[105.88500890600005,-5.0554292489999284],[105.88501293100006,-5.0550344459999792],[105.88501343600007,-5.0548631129999535],[105.88501902300004,-5.054691871999978],[105.88503129000009,-5.0541509999999334],[105.88503295500004,-5.0540203119999774],[105.88504054400005,-5.0538917509999806],[105.88505484600006,-5.0536276009999597],[105.88506777400005,-5.0533652339999549],[105.88508287100007,-5.0531029839999633],[105.88508685200009,-5.0530322139999271],[105.88510128700005,-5.0527695349999249],[105.88511787500005,-5.0525069829999438],[105.88513995600005,-5.0521118649999721],[105.88515244100006,-5.0518549169999574],[105.88516730300006,-5.0515980959999638],[105.88517048700004,-5.0515420659999677],[105.88519174200007,-5.0511611469999593],[105.88519431800006,-5.0511298309999688],[105.88523035400004,-5.0506370159999392],[105.88526239400005,-5.0500301169999489],[105.88527326500008,-5.0497688179999614],[105.88527961600005,-5.0496420579999608],[105.88528273900005,-5.0495900139999321],[105.88529859400006,-5.0494039499999417],[105.88534129300007,-5.0488315559999251],[105.88534931800007,-5.0487012589999267],[105.88536329800007,-5.0484650509999369],[105.88538039900004,-5.0482290499999749],[105.88539600200005,-5.0480003769999371],[105.88541592000007,-5.0476546519999488],[105.88543448800004,-5.047292208999977],[105.88546075700003,-5.0469683779999741],[105.88548665900004,-5.0466215539999553],[105.88556458100004,-5.0454800819999264],[105.88557220500007,-5.0453648099999668],[105.88559061500007,-5.0450481939999463],[105.88563543900005,-5.0441912469999579],[105.88567330100005,-5.0436548719999337],[105.88568528800005,-5.0434767599999759],[105.88571063000006,-5.0430207889999679],[105.88571135200004,-5.0430054819999555],[105.88580818800006,-5.041625918999955],[105.88584017500006,-5.0412582059999522],[105.88591630300004,-5.0404928899999391],[105.88593291300003,-5.0403746999999726],[105.88595521600007,-5.0401985129999503],[105.88598226900007,-5.0399790619999294],[105.88600772600006,-5.0397968109999738],[105.88621194600006,-5.0385183709999524],[105.88624798300003,-5.0382863539999789],[105.88628676400003,-5.0380293599999391],[105.88630267300005,-5.0379298579999272],[105.88634005500006,-5.0377123949999714],[105.88635974500005,-5.0375963479999655],[105.88654944100006,-5.0364634979999323],[105.88661511000004,-5.0360427629999549],[105.88681130600008,-5.0349537669999336],[105.88683154800003,-5.0348400339999557],[105.88696447500007,-5.0340838269999608],[105.88702570800007,-5.0337211109999771],[105.88709705800005,-5.0332803479999484],[105.88717648800008,-5.0328474949999418],[105.88729148600004,-5.0321731699999646],[105.88741123800008,-5.0314134529999706],[105.88743286800008,-5.0312738769999328],[105.88747270500005,-5.0310123309999426],[105.88751461500004,-5.030751109999926],[105.88754559800009,-5.0305533429999514],[105.88765986300007,-5.0298060269999496],[105.88770899700006,-5.0294707149999454],[105.88786560900007,-5.0283534669999312],[105.88790233800006,-5.0280814789999795],[105.88791092600007,-5.0280147219999662],[105.88795938900006,-5.0276342919999593],[105.88808801600004,-5.0264010249999274],[105.88809660100009,-5.0262954399999558],[105.88817662800005,-5.0255153889999633],[105.88824033100008,-5.0248021229999722],[105.88826299400006,-5.024504166999975],[105.88831588200009,-5.0238696169999457],[105.88835434900005,-5.02334743199998],[105.88838044000005,-5.0228094029999397],[105.88852589800007,-5.0213886629999251],[105.88855256700003,-5.0210331369999608],[105.88857324800006,-5.0207355959999518],[105.88860735500003,-5.0200779009999792],[105.88860865600009,-5.0200451399999793],[105.88862834900004,-5.0198953939999456],[105.88863391100006,-5.0198528419999775],[105.88871014200004,-5.01920539799994],[105.88872221500009,-5.0190910789999634],[105.88878494800008,-5.0185875389999524],[105.88882722100004,-5.0182288489999678],[105.88885588600004,-5.0179708909999476],[105.88886746200006,-5.0178744909999295],[105.88889580300008,-5.0176601189999701],[105.88890380700008,-5.0175990499999443],[105.88902661900005,-5.016469499999971],[105.88904193600007,-5.0162947359999635],[105.88906220700005,-5.0161204809999731],[105.88909937600005,-5.0157825959999514],[105.88911717200006,-5.0156109649999507],[105.88913998600003,-5.0154399319999357],[105.88915214800005,-5.0153475489999551],[105.88922736000006,-5.0147097289999465],[105.88925481500007,-5.0144506519999368],[105.88925601600005,-5.0144420749999767],[105.88929235300009,-5.0141728849999367],[105.88929783100008,-5.0141304529999502],[105.88933215900005,-5.0138629029999606],[105.88936836600004,-5.0135956009999632],[105.88937340500007,-5.0135582019999561],[105.88946699000007,-5.0128600299999562],[105.88948147100007,-5.0127503069999761],[105.88952365400007,-5.0124086789999751],[105.88960745400004,-5.0116928029999599],[105.88964178900005,-5.0114582439999253],[105.88964228100008,-5.011455170999966],[105.88967642200004,-5.0112716209999348],[105.88984094200003,-5.010230298999943],[105.89012038000004,-5.0085753149999732],[105.89015194900009,-5.0083842079999386],[105.89044811600007,-5.0065507259999436],[105.89053773700005,-5.005953935999969],[105.89063726500007,-5.0052371379999272],[105.89073643000006,-5.0045483639999588],[105.89078740800005,-5.004176073999929],[105.89081616300007,-5.0039471089999665],[105.89082537600007,-5.003871151999931],[105.89113912300007,-5.0019745149999721],[105.89114883100007,-5.0019211629999631],[105.89119939200003,-5.0016532359999246],[105.89138754300006,-5.0005269939999266],[105.89143937000006,-5.0001709469999582],[105.89154052700007,-4.9995625579999796],[105.89157782700005,-4.999315754999941],[105.89161775800005,-4.9990693679999367],[105.89170866500007,-4.998446486999967],[105.89171868000005,-4.9983886129999746],[105.89177178100005,-4.9981314329999691],[105.89179172000007,-4.9980291559999728],[105.89186328500006,-4.9976582829999643],[105.89189955800003,-4.9974666129999719],[105.89194659800006,-4.9972130789999483],[105.89199300800004,-4.9969750829999384],[105.89204325800006,-4.9967189319999648],[105.89209806600007,-4.9964480099999378],[105.89211570400005,-4.9963600759999736],[105.89218933900008,-4.9959898009999506],[105.89234456700007,-4.9953246319999494],[105.89243453200004,-4.9949102089999542],[105.89247858300007,-4.994730274999938],[105.89250670000007,-4.9946337789999689],[105.89263270000004,-4.9941872309999553],[105.89270102700004,-4.9939369289999718],[105.89277156200006,-4.9936872449999328],[105.89288367500006,-4.9932782209999687],[105.89290852100004,-4.9931840439999746],[105.89295437200008,-4.9930089749999524],[105.89300488200007,-4.9928351979999661],[105.89317350100004,-4.9922289959999375],[105.89321622600005,-4.9920661859999313],[105.89327812600004,-4.9918272979999756],[105.89334269900007,-4.9915891229999261],[105.89337810400008,-4.9914572239999302],[105.89344340400004,-4.9912066899999559],[105.89353599800006,-4.9908443809999312],[105.89386770100003,-4.9893788639999457],[105.89387547900009,-4.989339480999945],[105.89402498100009,-4.9887700519999498],[105.89420444600006,-4.9881641569999715],[105.89439327000008,-4.9874103489999584],[105.89441980200007,-4.9872976219999714],[105.89449595500008,-4.9870238969999718],[105.89457887800006,-4.9867189869999606],[105.89468572100009,-4.9863019079999731],[105.89488764600009,-4.9855734999999299],[105.89519319000004,-4.9845129389999556],[105.89520135100008,-4.9844821539999771],[105.89528832300005,-4.9841533089999643],[105.89529871300005,-4.9841190539999616],[105.89537370600004,-4.9838809869999636],[105.89565036600004,-4.9829443469999433],[105.89569607300007,-4.9827787139999486],[105.89574664600008,-4.9826145089999727],[105.89584414100005,-4.9822908209999355],[105.89591925300005,-4.9820357119999699],[105.89607260800005,-4.981537565999929],[105.89625914900006,-4.980904399999929],[105.89636776800006,-4.980518505999953],[105.89641448900005,-4.9803526529999544],[105.89643485000005,-4.9802875309999308],[105.89657571400005,-4.9798491409999315],[105.89704328700009,-4.9784472869999377],[105.89727893400004,-4.9777830789999484],[105.89753278100005,-4.9770961319999287],[105.89781934800004,-4.9763598699999534],[105.89825989700006,-4.9752567329999806],[105.89844543400005,-4.9748061289999441],[105.89940919400004,-4.9742032629999358],[105.90040726300003,-4.9734992519999537],[105.90065252300008,-4.9733178269999598],[105.90109230200005,-4.9729855279999811],[105.90162042000009,-4.9725647559999402],[105.90175026600008,-4.9724788819999617],[105.90207833900007,-4.972254869999972],[105.90227342400004,-4.9721195539999599],[105.90300091300008,-4.9715969009999412],[105.90303975500007,-4.9715680079999629],[105.90308236400006,-4.97154507099998],[105.90384648600008,-4.9711176219999516],[105.90534882300005,-4.970177835999948],[105.90578698800005,-4.969871487999967],[105.90587001500006,-4.9698177469999791],[105.90613832000008,-4.9696892719999255],[105.90689274700009,-4.9693194469999753],[105.90734419400007,-4.9691064499999698],[105.90890459100007,-4.9682672129999332],[105.91037259000007,-4.96735044899998],[105.91050891000003,-4.9672591279999665],[105.91086612500004,-4.9670352439999306],[105.91159009600005,-4.9665652389999764],[105.91302790600008,-4.9655289099999322],[105.91351816400004,-4.9651414369999429],[105.91421592600005,-4.9645767569999748],[105.91490566500005,-4.9639993449999338],[105.91515754100004,-4.9637812699999699],[105.91534468600008,-4.9636177299999531],[105.91554862900006,-4.9634360189999711],[105.91573478100008,-4.9632684669999776],[105.91592267300007,-4.9631028759999367],[105.91593048600004,-4.9630959879999637],[105.91722110400008,-4.961880300999951],[105.91763540800008,-4.9614543989999333],[105.91782374100006,-4.9612564979999547],[105.91801333000006,-4.961059807999959],[105.91892735500005,-4.9600629269999672],[105.91909789500005,-4.9598654399999305],[105.91935749800007,-4.9595618739999736],[105.92030830500005,-4.9583851209999352],[105.92133762900005,-4.9569402679999257],[105.92227052300007,-4.955430989999968],[105.92256453900006,-4.9548774639999351],[105.92342815800004,-4.9544835639999292],[105.92498849700007,-4.953644297999972],[105.92649076000004,-4.9527044759999512],[105.92792851500008,-4.9516681239999798],[105.92929560300007,-4.9505396789999736],[105.93058617200006,-4.9493239739999808],[105.93179469400008,-4.9480262159999597],[105.93291599600008,-4.9466519629999652],[105.93394527600009,-4.9452070979999689],[105.93487812600006,-4.9436978099999465],[105.93571055300004,-4.9421305629999779],[105.93643899300008,-4.9405120659999398],[105.93706032700004,-4.9388492529999439],[105.93757189600007,-4.9371492419999754],[105.93797150800003,-4.9354193159999795],[105.93810566200005,-4.9346848349999277],[105.93811102800004,-4.9346529869999358],[105.93826282300006,-4.9336350309999375],[105.93843388100004,-4.9318675899999675],[105.93848931800005,-4.9300927109999293],[105.93842889900009,-4.9283179959999757],[105.93825288200009,-4.9265510439999503],[105.93796202100003,-4.924799420999932],[105.93755756500008,-4.9230706279999481],[105.93704124400006,-4.9213720659999467],[105.93641527100004,-4.9197110099999577],[105.93568232600006,-4.9180945709999264],[105.93484555000003,-4.916529670999978],[105.93390852500005,-4.9150230109999598],[105.93287526400007,-4.9135810409999294],[105.93175019200004,-4.9122099369999432],[105.93053812600004,-4.9109155689999398],[105.92924425700005,-4.9097034779999262],[105.92787412600006,-4.9085788559999628],[105.92643359800007,-4.9075465179999469],[105.92492884200004,-4.9066108819999386],[105.92336630100004,-4.9057759579999356],[105.92258576500006,-4.9054225379999252],[105.92255143200003,-4.9053432679999673],[105.92249743700006,-4.9052213209999422],[105.92244891400009,-4.9050970819999407],[105.92223908900007,-4.9045758019999539],[105.92181841200005,-4.9036140299999715],[105.92172196800004,-4.9034046449999664],[105.92162855900006,-4.9031938799999466],[105.92154516000005,-4.9030075919999376],[105.92142511900005,-4.902742132999947],[105.92133957300007,-4.9025512159999494],[105.92130339700009,-4.9024691549999488],[105.92123875500005,-4.9023099479999246],[105.92116326500008,-4.9021259589999318],[105.92047298000006,-4.9005962229999795],[105.92025547900005,-4.9001513939999768],[105.92021288100005,-4.9000646629999665],[105.92004979900008,-4.899739613999941],[105.92004856000005,-4.8997371849999354],[105.92004694200006,-4.8997329759999388],[105.91978478600004,-4.8990766319999466],[105.91947379900006,-4.8983560759999705],[105.91939230500009,-4.8981745059999753],[105.91931477600008,-4.8979911969999534],[105.91865666300004,-4.8965532599999619],[105.91781995900004,-4.8949883249999289],[105.91724842700006,-4.8940434449999657],[105.91714676500004,-4.8938828389999571],[105.91704899900009,-4.8937198179999655],[105.91645473100004,-4.8927735979999625],[105.91622591500004,-4.892425388999925],[105.91611117400004,-4.8922522239999466],[105.91590790500004,-4.8919523409999783],[105.91560959800006,-4.8915185119999478],[105.91556405000006,-4.8914465029999405],[105.91519395500006,-4.8908772939999494],[105.91416077600007,-4.8894352789999402],[105.91415041100004,-4.8894217769999386],[105.91406105200008,-4.8893054489999486],[105.91397623600005,-4.8891857459999528],[105.91336499100004,-4.8883568729999638],[105.91224000400007,-4.8869857199999274],[105.91220653000005,-4.8869478469999308],[105.91152337500006,-4.8860136959999636],[105.91133780300004,-4.8857745729999351],[105.91120122500007,-4.8856005959999607],[105.91106752300004,-4.8854243849999648],[105.91098016100005,-4.8853098789999763],[105.91072927100004,-4.88498788499993],[105.91054336100007,-4.8847529529999747],[105.90986312700005,-4.8839273489999755],[105.90978506300007,-4.8838363219999792],[105.90971178600006,-4.8837413789999573],[105.90863507700004,-4.8824329369999759],[105.90754426200004,-4.8812604689999262],[105.90736780200007,-4.8810816949999776],[105.90719319400006,-4.8809011019999389],[105.90716644000008,-4.880873471999962],[105.90670307900007,-4.8803955879999421],[105.90641304300004,-4.8801009909999493],[105.90511927800009,-4.8788888339999517],[105.90392193200006,-4.8778977899999632],[105.90378364100008,-4.8777898639999648],[105.90364845800008,-4.8776780459999713],[105.90308131300009,-4.8772216329999765],[105.90305505900005,-4.8772010809999529],[105.90283659900007,-4.8768977769999537],[105.90279801700007,-4.8768462149999436],[105.90272533400008,-4.8767320429999472],[105.90239795700006,-4.8762301089999482],[105.90197432600007,-4.8756145259999357],[105.90196624200007,-4.8756031189999476],[105.90170393600005,-4.8751780359999657],[105.90129508700005,-4.874535797999954],[105.90119922500008,-4.8743897739999511],[105.90110757200006,-4.8742410549999704],[105.90103301100004,-4.8741207739999481],[105.90072095100004,-4.8736202709999361],[105.90041775500003,-4.873117395999941],[105.90000808100007,-4.8724018339999589],[105.89995874900006,-4.8723160309999685],[105.89960750600005,-4.8717250799999761],[105.89928151900006,-4.8711920989999271],[105.89912489100004,-4.870946450999952],[105.89908211400007,-4.8708337179999717],[105.89878048200006,-4.8700734689999763],[105.89821325100007,-4.8687042449999467],[105.89808327100008,-4.8683638699999392],[105.89780007400009,-4.8676524909999443],[105.89777103400007,-4.8675827059999506],[105.89770304900009,-4.8674199709999471],[105.89763965900005,-4.8672553809999499],[105.89752383900009,-4.8669598199999768],[105.89740155000004,-4.8666530339999667],[105.89722299200008,-4.8661420259999772],[105.89716801500003,-4.8659772349999457],[105.89711907700007,-4.865831911999976],[105.89665077000006,-4.8645634849999624],[105.89655523400006,-4.8642551599999706],[105.89645557700004,-4.8639401919999727],[105.89645355600004,-4.86393308199996],[105.89604319600005,-4.8626172149999434],[105.89592497100006,-4.8622768029999293],[105.89586211900007,-4.862099624999928],[105.89580365900008,-4.8619209399999477],[105.89579346700003,-4.8618898539999691],[105.89570256000007,-4.8616131199999586],[105.89565218200005,-4.8614374219999377],[105.89525887300005,-4.860181263999948],[105.89523260300007,-4.860105755999939],[105.89520572800006,-4.8600088619999724],[105.89484371200007,-4.8588112939999633],[105.89482118800004,-4.8587425359999656],[105.89480257800005,-4.8586726409999414],[105.89478758000007,-4.8586165499999652],[105.89427144000007,-4.8569179229999691],[105.89426499400008,-4.8568989799999258],[105.89425008200004,-4.8568552119999708],[105.89423799900004,-4.8568111289999365],[105.89401980500008,-4.8560996509999654],[105.89402589200006,-4.856097808999948],[105.89400255300006,-4.856020229999956],[105.89398574700004,-4.8559409699999492],[105.89364647200006,-4.8545278919999646],[105.89336412100005,-4.853598657999953],[105.89337349200008,-4.8535958059999302],[105.89334532000004,-4.8535026859999562],[105.89332346500004,-4.85340787399997],[105.89315825400007,-4.8527308989999369],[105.89311088800008,-4.8525470659999428],[105.89310086500006,-4.8525063909999631],[105.89306351200008,-4.8523254279999719],[105.89269430500008,-4.8507692579999571],[105.89252348900004,-4.850161405999927],[105.89248689600004,-4.8500367619999452],[105.89247210500008,-4.8499581669999543],[105.89241485200006,-4.8496629389999271],[105.89235878800008,-4.8493894589999513],[105.89234828900004,-4.8493395489999784],[105.89211735200007,-4.8479478649999805],[105.89195691200007,-4.8463944319999541],[105.89166624200004,-4.8446427559999279],[105.89161115800005,-4.8443739369999435],[105.89160205200005,-4.8443306079999502],[105.89158051700008,-4.8436962319999566],[105.89143751200004,-4.8421862369999644],[105.89137319100007,-4.8416628899999523],[105.89135853200008,-4.8415386619999481],[105.89134070000006,-4.8413485989999572],[105.89123371100004,-4.8403909129999647],[105.89120855000004,-4.8401968819999297],[105.89118778500006,-4.8400023289999581],[105.89110540700005,-4.8393137369999408],[105.89103224100006,-4.8387995619999629],[105.89099772600008,-4.8385725569999636],[105.89096654200006,-4.8383450659999312],[105.89091412200008,-4.8379809539999314],[105.89082747900005,-4.8374066709999397],[105.89060551500006,-4.8361393319999593],[105.89057255600005,-4.8359742239999264],[105.89054466900006,-4.8358081779999793],[105.89050626200009,-4.8355991669999412],[105.89045864400003,-4.8341962469999658],[105.89038788200008,-4.8333389609999813],[105.89033368200006,-4.832788556999958],[105.89027704000006,-4.8322070419999363],[105.89016916900005,-4.8312686409999515],[105.89007537200007,-4.8306209839999497],[105.89006334100009,-4.8305444129999273],[105.89004670700007,-4.8304398699999638],[105.89002480000005,-4.8303038959999753],[105.89000868100004,-4.8301671109999802],[105.88995965000004,-4.82977548599996],[105.88976314900003,-4.8285192469999743],[105.88973891800003,-4.8283849629999622],[105.88972048400007,-4.8282497569999805],[105.88971940200008,-4.8282418319999465],[105.88966038500007,-4.8278099149999321],[105.88955726800003,-4.8271210769999584],[105.88950195000007,-4.8267812979999576],[105.88941216800004,-4.8262631479999527],[105.88931128800004,-4.8253489999999601],[105.88930117800004,-4.8252735519999419],[105.88928031900008,-4.8251195089999328],[105.88927699300007,-4.8250557389999358],[105.88925367600007,-4.8246631549999393],[105.88919535000008,-4.8239352759999292],[105.88917188400006,-4.8236847029999694],[105.88916385100003,-4.8235882509999328],[105.88916315600005,-4.8235425879999525],[105.88913119900008,-4.8225748139999496],[105.88912363800006,-4.8224260689999596],[105.88912168100006,-4.8222771429999511],[105.88906377800004,-4.820824522999942],[105.88894173000006,-4.8194895799999813],[105.88893811100007,-4.8194584709999617],[105.88888434900008,-4.8190264139999499],[105.88887131800004,-4.8189294459999701],[105.88883554400007,-4.8186668369999666],[105.88883378600008,-4.8186447419999467],[105.88882524700006,-4.8185263579999287],[105.88865971300004,-4.8169074249999539],[105.88863497300008,-4.8167445919999636],[105.88863449500008,-4.8167371449999337],[105.88863012200005,-4.8166702899999336],[105.88862234800007,-4.8165761499999462],[105.88862156500005,-4.8165642069999421],[105.88862256500005,-4.8164774589999411],[105.88862435300007,-4.8161282169999708],[105.88862092300008,-4.8157299999999736],[105.88861787100006,-4.815538422999964],[105.88861971300008,-4.8153784409999503],[105.88862149500005,-4.8150296879999246],[105.88856127200006,-4.8132549359999643],[105.88855305300007,-4.813138538999965],[105.88856972100007,-4.812611583999967],[105.88857216200006,-4.8123352439999394],[105.88857623300004,-4.8120589239999276],[105.88857863700008,-4.8118309089999798],[105.88857944500006,-4.8117037169999435],[105.88858630000004,-4.8115767099999402],[105.88862582700006,-4.8100745329999768],[105.88860374200004,-4.8090129249999336],[105.88860019800006,-4.8089250429999311],[105.88860443600004,-4.808757901999968],[105.88861316000003,-4.8080325689999768],[105.88857699100004,-4.8066726439999456],[105.88858204600007,-4.8061155629999348],[105.88852182900007,-4.8043408109999746],[105.88843547300007,-4.8033295139999268],[105.88842835500009,-4.8032612009999411],[105.88842767800008,-4.8031916669999646],[105.88842594100004,-4.8030506759999412],[105.88842509700004,-4.8029940789999728],[105.88848962200007,-4.802547193999942],[105.88865022000005,-4.8009383599999751],[105.88865584200005,-4.8008579379999787],[105.88866646500009,-4.8006993179999427],[105.88872208800007,-4.7989244139999414],[105.88866187400004,-4.7971496609999349],[105.88852350100007,-4.7957587859999649],[105.88853531600006,-4.7955859219999297],[105.88859094000009,-4.7938110179999285],[105.88857102200006,-4.7931711379999342],[105.88857646600007,-4.7930901159999735],[105.88858692100007,-4.7927564899999311],[105.88862972200008,-4.7924419389999571],[105.88874218700005,-4.7914278959999592],[105.88876477300005,-4.7911823129999789],[105.88882353200006,-4.7904289009999275],[105.88887915800007,-4.7886539969999262],[105.88885177400005,-4.7874678809999409],[105.88883577700005,-4.7871116689999553],[105.88891964100009,-4.7861509559999718],[105.88894197400003,-4.7857576019999328],[105.88895521400008,-4.7854902279999578],[105.88897042800005,-4.7852229599999418],[105.88897996900005,-4.78487965599993],[105.88898225200006,-4.7848797619999459],[105.88898539300004,-4.7848120229999722],[105.88899538700008,-4.784744954999951],[105.88906574400005,-4.7842404229999715],[105.88923696800003,-4.7824729689999685],[105.88927794000006,-4.7816081069999541],[105.88936745200004,-4.7807014489999347],[105.88937963500007,-4.7805505869999365],[105.88939734600007,-4.7804002789999345],[105.88951643000007,-4.7791369369999757],[105.88953053000006,-4.7789377649999665],[105.88954892500004,-4.7787389469999653],[105.88958879600006,-4.7782624609999402],[105.88961185300008,-4.7779543609999564],[105.88963513700008,-4.7776462759999276],[105.88965050500008,-4.7774316709999312],[105.88966876600006,-4.7771616799999492],[105.88967516700006,-4.7770644539999694],[105.88972550500006,-4.7754583259999777],[105.88992229600007,-4.7742224289999626],[105.88997784000009,-4.7737645859999702],[105.89000559600004,-4.7735183599999687],[105.89003606300008,-4.7732724579999513],[105.89010848200007,-4.7726244439999732],[105.89014239800008,-4.7722840699999551],[105.89022089100007,-4.7713246849999678],[105.89023384800004,-4.7709112659999278],[105.89024250200004,-4.7708229649999794],[105.89024700500005,-4.7708231749999754],[105.89025110400007,-4.7707352029999583],[105.89033281600007,-4.7699014639999291],[105.89034659800006,-4.7697239639999793],[105.89036527100006,-4.7695469139999318],[105.89045976000006,-4.7684315539999602],[105.89050918100008,-4.7672742179999545],[105.89051112400006,-4.7671834089999265],[105.89051968100006,-4.7670929869999554],[105.89052743500008,-4.7670010149999484],[105.89073568500004,-4.7660966869999584],[105.89102177000007,-4.7643442519999439],[105.89117648200005,-4.7628178479999406],[105.89118913600004,-4.7626444029999675],[105.89120678800003,-4.7624713959999667],[105.89122152600004,-4.762322921999953],[105.89125825100007,-4.7619423349999579],[105.89130657100009,-4.7613808549999703],[105.89133348100006,-4.7610250989999372],[105.89134545700006,-4.7608772239999553],[105.89136493100006,-4.7606833009999718],[105.89138893400008,-4.7604326269999433],[105.89142844900005,-4.759998798999959],[105.89142867400005,-4.7599966119999522],[105.89143343700005,-4.7599619479999546],[105.89146204300005,-4.7597668119999526],[105.89148877400004,-4.7596083879999469],[105.89155100100004,-4.7592227479999565],[105.89158945100007,-4.7589730809999651],[105.89160492700006,-4.7588789239999301],[105.89161135100005,-4.758842475999927],[105.89164959500005,-4.7586591939999607],[105.89171051800008,-4.7583587759999659],[105.89186629600005,-4.757494425999937],[105.89189625800009,-4.7573112929999297],[105.89193085800008,-4.7571289849999516],[105.89218133200006,-4.7555606999999327],[105.89225320200006,-4.7548188219999474],[105.89226537600007,-4.7548200899999529],[105.89227527100007,-4.7547245059999454],[105.89229165700004,-4.7546298229999593],[105.89230672600007,-4.7545418889999382],[105.89234032900004,-4.754343864999953],[105.89238086600005,-4.7541477549999627],[105.89243140500008,-4.7538973319999513],[105.89268075600006,-4.7524168649999297],[105.89270673000004,-4.7522315839999578],[105.89272510000006,-4.7521592059999307],[105.89280387700006,-4.7518407889999708],[105.89287466400003,-4.751547081999945],[105.89294596800005,-4.751253500999951],[105.89307871300008,-4.7506799729999329],[105.89310296400004,-4.7505697809999674],[105.89313235400004,-4.7504620019999493],[105.89317828900005,-4.7502913549999448],[105.89346549000004,-4.7491036019999342],[105.89349630000004,-4.7489623729999266],[105.89353265500006,-4.7488224779999655],[105.89372306700005,-4.748042689999977],[105.89373048500005,-4.7480102429999533],[105.89390205400008,-4.7472036889999458],[105.89410399600007,-4.7460472109999614],[105.89411682000008,-4.7459631009999725],[105.89413621900007,-4.7458802689999402],[105.89434034400006,-4.7449330259999556],[105.89462642000007,-4.7431805919999306],[105.89465752200005,-4.7429322629999433],[105.89466653100004,-4.7428575459999252],[105.89468225600007,-4.7427839579999613],[105.89470777900004,-4.7426631749999615],[105.89473725100004,-4.7425221249999368],[105.89476629400008,-4.7424224229999368],[105.89478185500008,-4.7423687929999687],[105.89488078500005,-4.7420265459999769],[105.89503845900003,-4.7414580339999475],[105.89529181400007,-4.7404232909999564],[105.89532856900007,-4.7402593439999805],[105.89537034500006,-4.7400966109999558],[105.89564655100008,-4.738911213999927],[105.89568949700003,-4.7387062649999621],[105.89569949400004,-4.7386627379999595],[105.89573731600007,-4.7385067329999515],[105.89579241500007,-4.7382750419999411],[105.89580140000004,-4.7382365129999471],[105.89591108600007,-4.7377456899999402],[105.89593570900007,-4.7376305159999674],[105.89596237900008,-4.7375477209999417],[105.89611437600007,-4.7370602349999444],[105.89623359000007,-4.7366648679999344],[105.89624131700003,-4.7366405419999751],[105.89631269600005,-4.7364274349999391],[105.89649650900009,-4.7358579309999413],[105.89662384700006,-4.7354480289999401],[105.89693633900004,-4.7343631409999603],[105.89723940000005,-4.7330859399999667],[105.89729493400006,-4.7328979349999258],[105.89742655800006,-4.732586767999976],[105.89784093000009,-4.7315156889999344],[105.89792252500007,-4.7312907739999446],[105.89794347800006,-4.7312352239999313],[105.89802958200005,-4.731015786999933],[105.89848534500004,-4.7297650659999704],[105.89853663400004,-4.7296113229999719],[105.89857918400008,-4.7294824949999565],[105.89862727900004,-4.729355643999952],[105.89897022800005,-4.7283973729999502],[105.89901728700005,-4.7282564239999374],[105.89903439700004,-4.7282047069999749],[105.89913244600007,-4.7279024329999402],[105.89919517000004,-4.7277051419999339],[105.89951837100006,-4.7266093699999487],[105.89954467700005,-4.7265127499999267],[105.89957589900007,-4.7264177399999312],[105.89962586300004,-4.7262554619999264],[105.89971635800003,-4.7260889139999449],[105.90064797100007,-4.7250883919999751],[105.90070020000007,-4.7250283079999349],[105.90083251400006,-4.7248756399999365],[105.90163519700008,-4.7239048009999465],[105.90172469200007,-4.7237912899999515],[105.90189307200006,-4.7235754909999628],[105.90223158000003,-4.7231371119999608],[105.90232937900004,-4.7230096809999509],[105.90237878000005,-4.7229447139999365],[105.90243969600004,-4.7228643509999415],[105.90249741900004,-4.7227977529999521],[105.90296203400004,-4.7222470759999737],[105.90303596900009,-4.7221570459999498],[105.90334931900009,-4.7217682359999458],[105.90351624500005,-4.7215571639999325],[105.90368466000007,-4.7213472859999683],[105.90409596500007,-4.7208215979999295],[105.90464632700008,-4.7200738689999753],[105.90472413200007,-4.7199642829999675],[105.90520286900005,-4.7192672349999611],[105.90613557700004,-4.7177580229999307],[105.90660609300005,-4.7169026749999716],[105.90674216600007,-4.7166444259999594],[105.90710397200007,-4.7159325919999446],[105.90783234600008,-4.7143141489999607],[105.90807213300008,-4.7136782319999497],[105.90807936200008,-4.7136810469999659],[105.90813009800007,-4.7135499269999741],[105.90813943700005,-4.7135284589999742],[105.90822414300004,-4.7133382569999753],[105.90853166800008,-4.7126201359999413],[105.90865537300004,-4.7123141289999353],[105.90867091200005,-4.7122750079999491],[105.90891416300008,-4.7116395479999369],[105.90910446100008,-4.711123157999964],[105.90919601500008,-4.7108708859999524],[105.90923096300008,-4.71077308699995],[105.90939375900007,-4.7103040519999695],[105.90990533800004,-4.7086040709999679],[105.91020984000005,-4.7072860559999299],[105.91058490500006,-4.7070820509999294],[105.91072751600007,-4.7070019219999608],[105.91106592200003,-4.7068085579999774],[105.91192368800006,-4.7062886699999353],[105.91197502600005,-4.7062562369999341],[105.91261907000006,-4.7058364269999515],[105.91364661000006,-4.7051103639999496],[105.91382914900004,-4.7049749079999401],[105.91423894100006,-4.704664735999927],[105.91560564000008,-4.7035364009999512],[105.91602270300007,-4.7031607089999738],[105.91604552000007,-4.7031397219999462],[105.91691867300005,-4.7022998119999784],[105.91812687900006,-4.7010021469999401],[105.91924790200005,-4.6996279799999456],[105.92027694300003,-4.6981831909999414],[105.92055471200007,-4.69775627599995],[105.92066430700004,-4.6975843279999481],[105.92077905700006,-4.6974175909999758],[105.92103083300009,-4.6970451819999539],[105.92196348200008,-4.6955359609999618],[105.92279574900004,-4.6939687709999589],[105.92313346900005,-4.6932531959999437],[105.92318846900008,-4.6931321229999412],[105.92324881500008,-4.6930136409999363],[105.92343767900007,-4.6926355799999442],[105.92360806700003,-4.6922812999999337],[105.92383265800004,-4.6918055399999616],[105.92439058900004,-4.690541370999938],[105.92480778700008,-4.6894623319999482],[105.92483630500004,-4.689383634999956],[105.92504036300005,-4.6887998979999566],[105.92555189600006,-4.6870999149999761],[105.92583192200004,-4.6859446699999694],[105.92587340700004,-4.6857555769999522],[105.92591517800008,-4.6855963909999332],[105.92601041300009,-4.6852226929999574],[105.92606280000007,-4.6850108649999811],[105.92609361800004,-4.6848900899999535],[105.92615269400005,-4.6846727779999355],[105.92619353300006,-4.6845208169999637],[105.92620201200003,-4.6844881799999598],[105.92668489800008,-4.6831957339999803],[105.92701612400003,-4.6821422289999646],[105.92703737400007,-4.6820695159999559],[105.92703833300004,-4.6820668549999596],[105.92714550500006,-4.6817639399999393],[105.92715530900006,-4.6817356989999439],[105.92716680200004,-4.681708356999934],[105.92724717500005,-4.6815150599999811],[105.92738682800007,-4.6811687779999716],[105.92746265500006,-4.6809769679999249],[105.92754228900009,-4.6807867169999327],[105.92760699000007,-4.6806307819999802],[105.92818256000004,-4.6791024339999581],[105.92825340800005,-4.6788956859999757],[105.92827819900003,-4.6788382049999768],[105.92845843800006,-4.6784228979999511],[105.92866219300004,-4.67794073999994],[105.92890024800005,-4.6773418609999453],[105.92899169000003,-4.6771036359999698],[105.92906488800008,-4.6769239009999524],[105.92943729800004,-4.6759521469999754],[105.92947949100005,-4.6758611439999527],[105.92953991900004,-4.6757450169999402],[105.92983756100006,-4.6751556499999651],[105.93056585500005,-4.6735371999999415],[105.93067685300008,-4.6732630909999671],[105.93070061900005,-4.6732034709999652],[105.93096080600009,-4.6725245059999452],[105.93097605600008,-4.6724830629999587],[105.93105276300008,-4.6723350299999424],[105.93132888900004,-4.6717870939999671],[105.93152020400004,-4.6713883619999592],[105.93161800700005,-4.6711801999999807],[105.93162892800007,-4.6711578089999648],[105.93173110200007,-4.6709561119999421],[105.93189334200008,-4.6706304509999654],[105.93239987000004,-4.6695355549999249],[105.93240346700009,-4.6695273039999279],[105.93240936000007,-4.6695163819999266],[105.93244752600003,-4.6694453899999644],[105.93246202600005,-4.6694183239999347],[105.93246774200009,-4.6694095829999469],[105.93329517800004,-4.6680599399999778],[105.93366762400007,-4.6673889039999494],[105.93372711100005,-4.6672780649999481],[105.93379187100004,-4.66717024299993],[105.93406759700008,-4.6667005709999785],[105.93489981300007,-4.6651333779999504],[105.93502070200009,-4.6648833649999801],[105.93509328300007,-4.6647312809999448],[105.93510778400008,-4.6647067959999617],[105.93529752000006,-4.6643812979999666],[105.93612973100005,-4.6628141039999491],[105.93685800100008,-4.6611956519999467],[105.93696910100005,-4.6609212789999788],[105.93697794800005,-4.660899082999947],[105.93778149200006,-4.6593858619999651],[105.93788054400005,-4.6591814939999381],[105.93793348000008,-4.6590710999999487],[105.93799187400003,-4.6589635119999571],[105.93828330800005,-4.6584115259999521],[105.93838431500006,-4.65821477399993],[105.93861331800008,-4.6577581829999417],[105.93934158000008,-4.6561397309999393],[105.93975847600007,-4.655061428999943],[105.93978224200004,-4.654995845999963],[105.93998654900008,-4.6544113699999343],[105.94049803600006,-4.6527113859999645],[105.94060307100006,-4.6523032449999278],[105.94063277600009,-4.6521840009999664],[105.94084806000006,-4.6512499559999583],[105.94088520900004,-4.6510747359999414],[105.94098688000008,-4.6506131519999485],[105.94111149000008,-4.6500156119999474],[105.94139745300004,-4.6482631839999726],[105.94156857600007,-4.6464957429999458],[105.94159359000008,-4.6460466589999783],[105.94159952700005,-4.6459214549999501],[105.94162727000008,-4.6450233769999727],[105.94162920100007,-4.6448891599999342],[105.94163704000005,-4.6447551599999315],[105.94167129500005,-4.6439805409999622],[105.94167794100008,-4.6437587109999754],[105.94168541200008,-4.6436204089999364],[105.94172503800007,-4.6421154159999674],[105.94166478100004,-4.6403406839999661],[105.94148897400004,-4.638573704999942],[105.94123978800008,-4.6370339089999675],[105.94120444100008,-4.6368492109999693],[105.94117366100005,-4.6366636929999459],[105.94101413600004,-4.6357906069999331],[105.94060998400005,-4.6340617689999704],[105.94009401200009,-4.632363153999961],[105.93946843000003,-4.630702036999935],[105.93887904800005,-4.6293802529999653],[105.93877460000004,-4.6291618389999485],[105.93859477300003,-4.6287755949999791],[105.93833184600004,-4.628226993999931],[105.93749554400006,-4.6266620159999547],[105.93655903000007,-4.625155270999926],[105.93572727600008,-4.6239786419999405],[105.93567379700005,-4.6239070969999716],[105.93547283700008,-4.6236416639999334],[105.93434834500005,-4.6222704619999604],[105.93313688900008,-4.620975987999941],[105.93184365800005,-4.6197637869999539],[105.93049289400005,-4.618653424999934],[105.93044198300004,-4.6186142599999584],[105.93039556600007,-4.6185698259999413],[105.92953226300006,-4.6177784349999342],[105.92908384100008,-4.6173934539999664],[105.92890028000005,-4.6172393099999454],[105.92871865900008,-4.6170828689999439],[105.92753890500006,-4.6161230699999578],[105.92609907000008,-4.6150906029999419],[105.92459502600008,-4.6141548349999653],[105.92405314700005,-4.613850106999962],[105.92398778600005,-4.613814333999926],[105.92296785300005,-4.6132840009999541],[105.92258120000008,-4.6130971019999265],[105.92246229500006,-4.613040787999978],[105.92234605300007,-4.6129791279999495],[105.92163688900007,-4.6126162499999737],[105.92002399700004,-4.6118854669999791],[105.91917320200008,-4.6115654069999437],[105.91869127500007,-4.6108924009999441],[105.91756683400007,-4.6095211609999751],[105.91635542900008,-4.6082266479999703],[105.91506224800008,-4.6070144049999726],[105.91454064300007,-4.606568159999938],[105.91444132200007,-4.6064853469999321],[105.91391928000007,-4.6060675389999801],[105.91376065700007,-4.6059362119999605],[105.91367578000006,-4.6058699719999368],[105.91350863000008,-4.6057405709999557],[105.91269764300006,-4.605158997999979],[105.91234678300003,-4.6040036999999643],[105.91219856700008,-4.6036100699999452],[105.91208941100007,-4.6031430119999754],[105.91189417800007,-4.60245213099995],[105.91186755500007,-4.6023624569999697],[105.91154691700007,-4.6013546819999647],[105.91144123300006,-4.6010495359999481],[105.91142931400009,-4.6010157719999256],[105.91142426300007,-4.6009803119999333],[105.91116989200003,-4.5994914549999635],[105.91076584700005,-4.5977625799999373],[105.91030750100003,-4.5962476369999763],[105.91030038800005,-4.5961693659999696],[105.91029574200007,-4.5961196029999769],[105.91029811300007,-4.5960696769999458],[105.91032705300006,-4.5948169049999592],[105.91042511400008,-4.5937266799999747],[105.91048076500005,-4.5919517779999524],[105.91042061400009,-4.5901770239999564],[105.91032889900004,-4.5892546239999774],[105.91034121800004,-4.589253398999972],[105.91033365900006,-4.5891768909999655],[105.91033287900007,-4.5891000109999709],[105.91033252300008,-4.5890726029999769],[105.91042678400004,-4.5887448769999537],[105.91073717500007,-4.5874013379999496],[105.91131321900008,-4.5861212409999439],[105.91193446400007,-4.5844584839999811],[105.91205858100005,-4.5840809439999362],[105.91209553300007,-4.5839657129999409],[105.91213829600008,-4.5838525239999512],[105.91247042600008,-4.5829227149999383],[105.91291358000007,-4.5814500049999651],[105.91292670200005,-4.5814165389999744],[105.91319650100007,-4.5806758299999615],[105.91319672200007,-4.5806754559999376],[105.91322454000004,-4.5806272959999319],[105.91325508200003,-4.580580991999966],[105.91361454800006,-4.5800211939999258],[105.91379300000006,-4.579735654999979],[105.91431977800005,-4.57885625199998],[105.91488714600007,-4.5777878099999612],[105.91499466500005,-4.5776695359999735],[105.91526046300004,-4.577370951999967],[105.91668113500003,-4.5766065989999447],[105.91775466600006,-4.5759488789999523],[105.91812348500008,-4.575710924999953],[105.91855151200008,-4.5754289879999419],[105.91998860700005,-4.5743927909999798],[105.92127142900006,-4.5733379999999784],[105.92146178500008,-4.5731714329999704],[105.92154544100003,-4.5730979259999458],[105.92210645900008,-4.5725887939999552],[105.92228491800006,-4.5724222269999473],[105.92301391100006,-4.5717157899999279],[105.92400857000007,-4.5706600109999727],[105.92430599600004,-4.5703268779999462],[105.92451935600008,-4.5700850239999795],[105.92467105100008,-4.5699094829999467],[105.92476814100007,-4.5697961539999596],[105.92486337600008,-4.5696930879999513],[105.92489596400009,-4.5696578669999326],[105.92496486600004,-4.5695831179999686],[105.92510450100008,-4.5694310599999426],[105.92557264500005,-4.5689078219999715],[105.92562510100004,-4.5688474629999405],[105.92574393900009,-4.5687103119999506],[105.92681233200005,-4.5673965309999289],[105.92783805400006,-4.5659565299999372],[105.92787964600006,-4.5658939189999614],[105.92788280900004,-4.5658891559999688],[105.92881532500007,-4.5643799579999609],[105.92964748000009,-4.5628127879999738],[105.93037571000008,-4.5611943559999304],[105.93076829900008,-4.5601828399999249],[105.93080097600006,-4.5600933949999671],[105.93102957600007,-4.5594421499999385],[105.93125736200005,-4.5587340259999678],[105.93133162400005,-4.5584918619999257],[105.93140829300006,-4.5582504539999604],[105.93173419400006,-4.5571434429999726],[105.93183479800007,-4.5567728799999259],[105.93187337800003,-4.5566292269999735],[105.93227297200008,-4.5548993249999512],[105.93255896700003,-4.5531468999999447],[105.93273013700008,-4.5513794559999496],[105.93278575000005,-4.5496045619999563],[105.93272556900007,-4.5478298179999683],[105.93254985300007,-4.5460628229999429],[105.93225935300006,-4.5443111449999378],[105.93185531800003,-4.5425822829999447],[105.93133947500007,-4.5408836399999473],[105.93125303700003,-4.5406400659999804],[105.93100627500007,-4.5394064619999313],[105.93077739500006,-4.5383681209999622],[105.93073440400008,-4.5381897409999397],[105.93069605900007,-4.5380102979999606],[105.93063583800006,-4.5377354479999781],[105.93050494800008,-4.5371524899999258],[105.93023589300009,-4.5360602709999398],[105.93010366700008,-4.5355848409999453],[105.92988709800005,-4.5348326369999654],[105.92979510200007,-4.5343389699999648],[105.92939108200005,-4.5326101039999571],[105.92936382900007,-4.5325118589999533],[105.92922223500005,-4.5310878369999728],[105.92893175700004,-4.5293361529999743],[105.92864892300008,-4.5280753969999523],[105.92858022200005,-4.527799942999934],[105.92851280000008,-4.527524170999925],[105.92846541300008,-4.527333338999938],[105.92840301400008,-4.5270858779999799],[105.92829895000006,-4.5266860059999772],[105.92829822200008,-4.5266832929999623],[105.92826775800006,-4.5265698229999316],[105.92826685800009,-4.5265644729999508],[105.92811759100005,-4.525752395999973],[105.92771358400006,-4.5240235269999403],[105.92760263500008,-4.5236223799999493],[105.92756933400005,-4.523505461999946],[105.92755971000008,-4.5234637769999608],[105.92754195800006,-4.5233849309999528],[105.92748418700006,-4.5231324649999465],[105.92742867000004,-4.5228794909999692],[105.92739698900004,-4.5227369549999707],[105.92737386300007,-4.5226342089999321],[105.92735699200006,-4.5225268549999669],[105.92719716600004,-4.5216118769999412],[105.92713393600008,-4.5212830879999615],[105.92709136300005,-4.5210461949999399],[105.92708276500008,-4.5209989969999356],[105.92707286300003,-4.5209419659999526],[105.92706452800007,-4.5208828269999799],[105.92704679000008,-4.520752315999971],[105.92685298300006,-4.5195338949999382],[105.92683109600006,-4.5194138959999464],[105.92681527600007,-4.5192929419999359],[105.92680939300004,-4.5192482469999504],[105.92676795300008,-4.5189482639999596],[105.92674770500008,-4.5188074639999627],[105.92673316200006,-4.5186659549999604],[105.92672986500008,-4.5186340679999262],[105.92671748300006,-4.5185149649999516],[105.92671126200008,-4.5183953799999585],[105.92668786900003,-4.5180008979999684],[105.92661513300004,-4.5171229889999722],[105.92656978700006,-4.5166656879999323],[105.92656425600006,-4.5166047869999488],[105.92655353300006,-4.5164312359999599],[105.92654520000008,-4.5163014049999788],[105.92650310800008,-4.5157528959999809],[105.92648786300003,-4.5155774719999613],[105.92648542200004,-4.5154871929999558],[105.92648193900004,-4.5153680349999377],[105.92647004000008,-4.5149893749999706],[105.92643075400008,-4.5141509569999698],[105.92642778100009,-4.5141032519999271],[105.92642033500005,-4.5139877009999623],[105.92638855200005,-4.5135609719999366],[105.92636130800008,-4.5132302769999342],[105.92635077100005,-4.5130988259999754],[105.92634312100006,-4.5129369549999296],[105.92633549500005,-4.5127846459999432],[105.92631468300004,-4.5123910749999254],[105.92629251200009,-4.5120198549999486],[105.92617698800007,-4.5108578849999503],[105.92617794700004,-4.510818856999947],[105.92618616700008,-4.510148241999957],[105.92618616600004,-4.5101243889999409],[105.92618614400004,-4.5100914579999767],[105.92613615400006,-4.508476241999972],[105.92611534500008,-4.5081333579999523],[105.92610519300007,-4.5079738239999756],[105.92609394200008,-4.5078234319999524],[105.92609395400007,-4.5078140889999645],[105.92609398000008,-4.5077752369999757],[105.92609397100006,-4.5075695039999459],[105.92609395000005,-4.5075362159999486],[105.92606115500007,-4.5062341449999508],[105.92605205000007,-4.5060488279999618],[105.92604764900005,-4.5058633379999264],[105.92599704900005,-4.5047287869999764],[105.92599116400004,-4.5046389569999405],[105.92599190800007,-4.5045489349999457],[105.92599281800005,-4.5042892239999333],[105.92595190900005,-4.5028310989999341],[105.92594400600007,-4.5026871279999341],[105.92594193400004,-4.5022640979999551],[105.92589288900007,-4.5007583779999436],[105.92587466900005,-4.5004561999999737],[105.92585769100003,-4.500166533999959],[105.92585735600005,-4.5001607449999597],[105.92585795600007,-4.5001342059999274],[105.92586488800004,-4.4994844389999571],[105.92580587900005,-4.4977429229999757],[105.92583603200006,-4.4973592099999564],[105.92586444400007,-4.4966769369999611],[105.92588211000009,-4.4965459599999349],[105.92605331100003,-4.4947785149999504],[105.92605829300004,-4.4946988899999383],[105.92606202900004,-4.4946377399999733],[105.92607265500004,-4.4945774089999304],[105.92617123300005,-4.4939787909999609],[105.92618311400008,-4.493901267999945],[105.92627049100008,-4.4932840029999284],[105.92638814900005,-4.4922126209999647],[105.92642456600004,-4.4918072229999666],[105.92646474900005,-4.4913085259999548],[105.92647831200009,-4.4911184099999559],[105.92648649900008,-4.491039250999961],[105.92657532900006,-4.489977994999947],[105.92658117000008,-4.4898842579999609],[105.92660147600009,-4.4895490539999514],[105.92660351000006,-4.4895151149999606],[105.92660938900008,-4.4894160279999369],[105.92662174600008,-4.489317544999949],[105.92666714100005,-4.4889337129999376],[105.92669092900007,-4.4887195619999716],[105.92670100200007,-4.4886274419999381],[105.92670979400003,-4.4885457609999548],[105.92673380900004,-4.4884280109999395],[105.92677014400005,-4.4882467109999311],[105.92691752700006,-4.4874331519999373],[105.92693079700007,-4.4873529749999648],[105.92702785500006,-4.4867205449999688],[105.92709914000005,-4.4862166299999444],[105.92714071500006,-4.4859101959999634],[105.92718948400005,-4.4855117849999715],[105.92720730400004,-4.4853567349999253],[105.92728325600007,-4.4846038149999572],[105.92728451100004,-4.484589365999966],[105.92728671500004,-4.4845750829999247],[105.92737832100005,-4.4839303169999312],[105.92743015800005,-4.4835050889999479],[105.92745380400004,-4.4832975369999417],[105.92748145200005,-4.4830904829999554],[105.92749415400004,-4.4829940479999664],[105.92753246200004,-4.4826853389999428],[105.92755771500003,-4.4824718639999332],[105.92756403800007,-4.482425530999933],[105.92756407800005,-4.4824252569999317],[105.92759400100005,-4.482259469999974],[105.92771272600004,-4.481547839999962],[105.92771866600003,-4.4815090779999309],[105.92772432700008,-4.4814719659999582],[105.92776870700004,-4.4811796799999684],[105.92781389600003,-4.480887518999964],[105.92784041900006,-4.480712260999951],[105.92786287300004,-4.4805605619999369],[105.92789075800005,-4.480409773999952],[105.92811791000008,-4.4789656839999452],[105.92820949500003,-4.4781689259999666],[105.92821925900006,-4.4780713339999352],[105.92823548900009,-4.4779746109999792],[105.92823942500007,-4.4779510899999764],[105.92827260500007,-4.477752278999958],[105.92830997100003,-4.4775542169999767],[105.92833018100004,-4.4774458939999704],[105.92836582500007,-4.4772526739999421],[105.92854776000007,-4.4760943539999403],[105.92855172300006,-4.47609491999998],[105.92856655600008,-4.4759902729999794],[105.92858770400005,-4.475886725999942],[105.92862555900007,-4.4756979769999248],[105.92882792000006,-4.4744737089999376],[105.92884144100009,-4.474427334999973],[105.92901730000006,-4.4737960289999705],[105.92921136300004,-4.4730196209999349],[105.92922562000007,-4.472958791999929],[105.92943115400004,-4.4720053049999251],[105.92948478000005,-4.4717251929999406],[105.92950523300004,-4.4716152469999315],[105.92953185600004,-4.4715066389999265],[105.92966486100005,-4.4709139449999498],[105.92971274400008,-4.470778561999964],[105.92976406700006,-4.4706283059999805],[105.92982045000008,-4.470479887999943],[105.93017055600006,-4.4695025039999337],[105.93068202600006,-4.4678025409999691],[105.93075839700003,-4.4675084209999341],[105.93078701200005,-4.4673956299999418],[105.93082162900004,-4.4672845459999735],[105.93089857500007,-4.4670333679999317],[105.93094354400006,-4.4668840059999297],[105.93099369800007,-4.4667363159999809],[105.93101540600009,-4.46667212899996],[105.93111330200009,-4.4663758739999366],[105.93115885700007,-4.466235314999949],[105.93120973100008,-4.466096605999951],[105.93145031700004,-4.4654125869999461],[105.93196178200009,-4.4637126239999247],[105.93215476200004,-4.4629408159999571],[105.93216889500007,-4.4628805659999671],[105.93218967700005,-4.4628222879999271],[105.93234696500008,-4.4623685779999391],[105.93239077400005,-4.4622374069999751],[105.93242254600005,-4.4621414669999808],[105.93246039700006,-4.4620477769999525],[105.93279750100004,-4.4611699649999537],[105.93285553500004,-4.4610106729999757],[105.93291835200006,-4.4608532199999331],[105.93316319300004,-4.4602164309999353],[105.93320283200006,-4.4601093469999569],[105.93324828900006,-4.4600046179999708],[105.93345315100004,-4.4595198389999382],[105.93397860600004,-4.458136174999936],[105.93402518100004,-4.4580026969999267],[105.93406664600008,-4.4579128109999715],[105.93443621700004,-4.4570748519999484],[105.93450334500005,-4.4569154279999452],[105.93452471500007,-4.4568685429999277],[105.93457329500006,-4.4567644359999576],[105.93491796900008,-4.45598881199993],[105.93540882000008,-4.4550420209999402],[105.93590082000009,-4.4539802129999657],[105.93600075000006,-4.4537517829999729],[105.93623690900006,-4.4531951739999727],[105.93654732000005,-4.452390070999968],[105.93672218700004,-4.452043873999969],[105.93745034100004,-4.4504254569999375],[105.93807147000007,-4.4487627069999576],[105.93842196800006,-4.4476427589999616],[105.93857899300008,-4.4471002389999512],[105.93873994000006,-4.446520224999972],[105.93913951200005,-4.4447903299999325],[105.93916435500006,-4.4446625279999807],[105.93920686700005,-4.4444410029999517],[105.93925281100007,-4.4442201699999373],[105.93931080100003,-4.4439337249999653],[105.93959679000005,-4.4421813039999734],[105.93976797300007,-4.4404138629999466],[105.93982361600007,-4.4386389679999638],[105.93978594200007,-4.4372409609999295],[105.93977165600006,-4.4369697039999778],[105.93974919700008,-4.4365929649999316],[105.93957354600008,-4.4348259639999696],[105.93928313000004,-4.4330742769999461],[105.93909934600003,-4.4322240579999743],[105.93906871900003,-4.4320925769999349],[105.93904385800005,-4.4319598749999614],[105.93898327200009,-4.4316466219999597],[105.93857933900006,-4.4299177489999693],[105.93806361400004,-4.4282190929999388],[105.93743830900007,-4.4265579259999299],[105.93670610000004,-4.4249413629999594],[105.93587012500006,-4.423376325999925],[105.93551942500005,-4.422785795999971],[105.93549720500005,-4.4227494349999574],[105.93491174200005,-4.4218331539999554],[105.93387940200006,-4.4203910219999329],[105.93327092900006,-4.4196261219999542],[105.93319471100006,-4.4195337759999802],[105.93267908600006,-4.4189273969999476],[105.93173822800009,-4.4179072229999292],[105.93155759300004,-4.4177211549999811],[105.93128741000004,-4.4174467759999629],[105.93020857100004,-4.4164243589999614],[105.92998515600004,-4.4162239769999587],[105.92977119600005,-4.4160341069999731],[105.92840217700007,-4.4149092799999607],[105.92839301800007,-4.4149022459999401],[105.92831220800008,-4.4148402239999314],[105.92688198700006,-4.4138147049999361],[105.92537841000006,-4.4128788479999344],[105.92398002500005,-4.4121247849999463],[105.92388495700004,-4.4120770749999565],[105.92372200500006,-4.4119959859999653],[105.92210959500005,-4.4112651129999563],[105.92045301500008,-4.410641648999956],[105.91875935800005,-4.4101282639999795],[105.91851481500004,-4.4100640469999348],[105.91797767800006,-4.4099256839999725],[105.91649874000007,-4.4095887919999655],[105.91475281300006,-4.4093016769999736],[105.91424217000008,-4.4092397919999371],[105.91411382600006,-4.4092254799999751],[105.91404598900004,-4.409219511999936],[105.91383149500007,-4.4091387819999568],[105.91339760000005,-4.4089956299999358],[105.91318926700006,-4.4089288469999701],[105.91301503100004,-4.4088691369999538],[105.91293832600007,-4.4088429779999387],[105.91270814800004,-4.4087660209999626],[105.91247998300008,-4.4086908769999695],[105.91101651100007,-4.4082544289999532],[105.91052788600007,-4.4081285459999435],[105.91025337600007,-4.4080605579999315],[105.90901852400003,-4.4077853139999661],[105.90847540900006,-4.407683345999942],[105.90841480300008,-4.4076726099999632],[105.90838576600004,-4.4076674819999653],[105.90813976400005,-4.4076241799999707],[105.90789422800003,-4.4075782889999573],[105.90644110900007,-4.4073475579999695],[105.90468021400005,-4.4071756469999741],[105.90291188700007,-4.4071196959999384],[105.90114369900004,-4.4071799449999389],[105.90055531100006,-4.4072258499999748],[105.90028527400005,-4.4072498969999288],[105.90005680900003,-4.4072669539999652],[105.89850098400007,-4.40742864799995],[105.89764517300006,-4.4075714679999578],[105.89716765100007,-4.4068133699999521],[105.89676847100009,-4.4062318009999331],[105.89660531700008,-4.4060005969999452],[105.89644326000007,-4.4057686159999321],[105.89579765200006,-4.4048830849999376],[105.89566482100008,-4.4047084129999803],[105.89553494300009,-4.4045315189999314],[105.89519988700005,-4.4040848789999245],[105.89494909000007,-4.4037626819999787],[105.89485414500007,-4.4036425819999749],[105.89476357400008,-4.4035191229999668],[105.89442219500006,-4.4030638659999681],[105.89329819000005,-4.4016925069999502],[105.89308854300003,-4.4014559319999762],[105.89307143000008,-4.4014368469999567],[105.89306172400006,-4.4014260289999356],[105.89300529100007,-4.401363157999981],[105.89295400900005,-4.4012959899999373],[105.89292386000005,-4.4012565749999339],[105.89217610800006,-4.4003241609999577],[105.89210254700004,-4.4002364659999671],[105.89203388900006,-4.400144852999972],[105.89185774500004,-4.3999124339999298],[105.89073375000004,-4.3985410689999753],[105.88952280700005,-4.3972464229999559],[105.88823010300007,-4.3960340419999397],[105.88717878000006,-4.3951569189999304],[105.88711063000005,-4.3951029259999359],[105.88704680900008,-4.39504384199995],[105.88694289900008,-4.39494852699994],[105.88686192900008,-4.3948547669999698],[105.88664665400006,-4.3946119119999594],[105.88643984200007,-4.3943813999999293],[105.88623315800004,-4.3941507719999322],[105.88587094100006,-4.3937679159999448],[105.88592044600006,-4.3935536569999272],[105.88620657000007,-4.3918012319999775],[105.88633219600007,-4.3906403649999675],[105.88633813500007,-4.3905717759999447],[105.88638383200004,-4.3899651879999624],[105.88643962400005,-4.3881902689999492],[105.88637964600008,-4.3864154879999546],[105.88627424200007,-4.3852252019999582],[105.88626829900005,-4.3851715249999756],[105.88619821200007,-4.3845947669999532],[105.88590796000005,-4.3828430259999323],[105.88590579300006,-4.3828333569999245],[105.88589999800007,-4.3827840239999318],[105.88585053300005,-4.3823880119999785],[105.88561077600008,-4.3809410099999582],[105.88560598800007,-4.3808834259999685],[105.88546421000007,-4.3795669299999531],[105.88525649600007,-4.3782472809999717],[105.88524247000004,-4.378170488999956],[105.88523515500003,-4.3780927629999269],[105.88511949200006,-4.3770708929999387],[105.88501176300008,-4.3763344559999382],[105.88494341600006,-4.3759080109999786],[105.88476090300009,-4.3748927049999793],[105.88468633200006,-4.3745314779999376],[105.88467741800008,-4.3744897289999471],[105.88434823200004,-4.3731220189999362],[105.88385876000007,-4.3715064139999527],[105.88366985700009,-4.3707523059999289],[105.88315431700005,-4.3690535739999632],[105.88252920000008,-4.3673923239999795],[105.88179718300006,-4.3657756679999693],[105.88096140100004,-4.3642105289999336],[105.88002543200008,-4.3627036079999471],[105.87932832200005,-4.3617080279999527],[105.87928181500007,-4.3616446779999478],[105.87924092600008,-4.3615775379999491],[105.87863581000005,-4.3606287659999339],[105.87760367000004,-4.3591865129999405],[105.87647977200004,-4.3578151069999649],[105.87526892900007,-4.3565204199999812],[105.87515636000006,-4.3564083429999414],[105.87497758600006,-4.3562313969999309],[105.87486056400007,-4.3561131699999578],[105.87474728100005,-4.3559972729999572],[105.87457640400004,-4.3558185379999372],[105.87416487000007,-4.3553973409999571],[105.87287227000007,-4.3541849129999264],[105.87150344600008,-4.3530599379999444],[105.87006425700008,-4.3520272329999443],[105.86856086600005,-4.3510912209999333],[105.86712958700008,-4.3503254009999637],[105.86629951200007,-4.3497779049999394],[105.86494418500007,-4.3489402379999547],[105.86378164500007,-4.3483057839999333],[105.86373937000008,-4.3482840389999637],[105.86370075300005,-4.3482562709999684],[105.86295083000005,-4.3477359849999289],[105.86144745500008,-4.3467999549999377],[105.85988631500004,-4.3459646249999651],[105.85827409300003,-4.3452335709999375],[105.85724317500006,-4.3448454229999811],[105.85711338200008,-4.3447414789999357],[105.85691133100005,-4.344587717999957],[105.85683242700009,-4.3445282539999539],[105.85675759800006,-4.3444636969999806],[105.85596841800009,-4.343808519999925],[105.85591331100005,-4.3437645079999356],[105.85586272600005,-4.3437153279999734],[105.85545004600004,-4.3433224679999398],[105.85540013600007,-4.3432759459999488],[105.85534896700005,-4.3432284449999656],[105.85453932300004,-4.3421107999999435],[105.85341549100008,-4.3407393459999639],[105.85305650600009,-4.3403375029999438],[105.85286329800005,-4.3401255089999609],[105.85270716100007,-4.3399504039999783],[105.85165805400004,-4.3388386269999728],[105.85077727100008,-4.3379953219999265],[105.85072305200003,-4.3379457019999563],[105.85067366000004,-4.3378912409999657],[105.84977755100005,-4.3369495899999606],[105.84931372800008,-4.3365144909999458],[105.84910216400004,-4.3352968469999382],[105.84869852400004,-4.3335678689999781],[105.84823078200009,-4.3320108579999328],[105.84821284100008,-4.3319570259999409],[105.84816515900008,-4.3318152589999386],[105.84754016000005,-4.3301539559999469],[105.84700484000007,-4.3289714719999779],[105.84700960600009,-4.3289692209999657],[105.84699257500006,-4.3289328759999535],[105.84698217400006,-4.3288940919999277],[105.84650314300006,-4.3273153879999313],[105.84631053200007,-4.326152350999962],[105.84590690600004,-4.3244233679999411],[105.84578975600004,-4.3240191229999709],[105.84568927700008,-4.3229886999999394],[105.84567942200005,-4.3229121989999726],[105.84567632900007,-4.3228351229999475],[105.84563837400003,-4.3221224599999459],[105.84548628100003,-4.3205358659999433],[105.84546544900007,-4.3203698539999777],[105.84544976500007,-4.3202032709999685],[105.84533449000008,-4.3191846989999476],[105.84531150300006,-4.3190150219999737],[105.84528501000005,-4.3188239789999443],[105.84526298400004,-4.3186323649999281],[105.84520596700008,-4.3181710599999406],[105.84491586200005,-4.3164192769999659],[105.84467656000004,-4.3153491799999415],[105.84466732100009,-4.31518403299998],[105.84465296300004,-4.3149794569999358],[105.84464154100004,-4.314825042999928],[105.84463558500005,-4.3146703189999585],[105.84459589200009,-4.3139134109999304],[105.84442054700008,-4.3121463309999513],[105.84437970300007,-4.3118500669999662],[105.84436672500004,-4.31175959899997],[105.84436032300005,-4.3116684249999366],[105.84419204900007,-4.3100048399999764],[105.84390195400005,-4.308253054999966],[105.84382888700009,-4.307940045999942],[105.84373134600008,-4.3069570209999597],[105.84368189500009,-4.30549020899997],[105.84350655700007,-4.3037231279999446],[105.84321646900008,-4.3019713419999448],[105.84282202300005,-4.3002765699999372],[105.84276491000008,-4.3000624209999501],[105.84275576000005,-4.3000282039999433],[105.84224038600007,-4.2983294129999763],[105.84208826400004,-4.2979043469999283],[105.84232387200007,-4.2964618809999706],[105.84249532300004,-4.2946944149999808],[105.84254912400007,-4.2932913309999776],[105.84255026500006,-4.2932005009999443],[105.84255239500004,-4.2928286459999754],[105.84249257100004,-4.291053834999957],[105.84248962400005,-4.2910241399999336],[105.84249347000008,-4.2910168969999631],[105.84291502400004,-4.2901149239999654],[105.84292739200004,-4.2900871469999515],[105.84323412700007,-4.2893707779999772],[105.84385541900008,-4.2877080839999735],[105.84436705500008,-4.2860081569999693],[105.84476684300006,-4.2842782779999311],[105.84505307400008,-4.2825258529999246],[105.84522452100003,-4.2807583879999811],[105.84528045200005,-4.2789834499999415],[105.84522062900004,-4.2772086389999799],[105.84521863900005,-4.2771789249999301],[105.84521767000007,-4.2771645659999535],[105.84504433800004,-4.2754271969999422],[105.84494777900005,-4.2748440589999745],[105.84522214700007,-4.2736568689999785],[105.84550837800003,-4.2719044449999615],[105.84567982700008,-4.2701369789999717],[105.84573576100007,-4.2683620409999321],[105.84573574100006,-4.2683440919999498],[105.84567592200005,-4.2665692809999314],[105.84550060700008,-4.2648021979999271],[105.84541358100006,-4.264196573999925],[105.84534395400004,-4.26374789099998],[105.84514092000006,-4.2626017259999571],[105.84473735900008,-4.2608727319999389],[105.84458237200005,-4.2603618209999468],[105.84460281900004,-4.2599919949999503],[105.84463949100007,-4.2590033389999462],[105.84464227400008,-4.2588562009999578],[105.84465069600009,-4.2587092799999482],[105.84466369100005,-4.258463125999981],[105.84466916000008,-4.2583497759999318],[105.84468089600006,-4.2582369049999329],[105.84477101600004,-4.2571647119999625],[105.84479928500008,-4.25664742999993],[105.84482023600003,-4.2561830909999685],[105.84484194000004,-4.2555260959999259],[105.84484562500006,-4.2553503039999327],[105.84485427100009,-4.2551746869999647],[105.84486615500003,-4.2549063789999764],[105.84486924400005,-4.2548279159999538],[105.84487556800008,-4.2547693219999587],[105.84490164800008,-4.2545166549999749],[105.84490400600004,-4.2544927169999482],[105.84497679800006,-4.2536053699999457],[105.84498535200004,-4.2534749649999526],[105.84499873200008,-4.2533607209999786],[105.84511689400006,-4.2520979039999247],[105.84511770600005,-4.2520863289999511],[105.84513148100007,-4.2520017849999476],[105.84525858700005,-4.2511338159999355],[105.84540470800005,-4.2497241279999685],[105.84542775500006,-4.2494264639999528],[105.84545149100006,-4.2491288559999703],[105.84548177300007,-4.2487081139999532],[105.84551804500006,-4.2479983679999691],[105.84552193500008,-4.2478961129999675],[105.84553226800006,-4.2477943109999501],[105.84561557000006,-4.2467884749999598],[105.84562524500006,-4.2466269699999657],[105.84564461600007,-4.2465037839999695],[105.84565645500004,-4.246427181999934],[105.84574862800008,-4.2457792829999335],[105.84592008200008,-4.2440118169999437],[105.84593878300007,-4.2436633769999617],[105.84603181100005,-4.2434113949999528],[105.84654343100004,-4.2417114719999631],[105.84694321100005,-4.2399815949999606],[105.84702611200004,-4.2395417439999505],[105.84703179900004,-4.2395101449999402],[105.84723512700003,-4.2381975729999795],[105.84740658000004,-4.2364301079999791],[105.84746252300005,-4.2346551689999501],[105.84742078600004,-4.2331770389999406],[105.84741640800007,-4.2330980619999536],[105.84741635800003,-4.2330971489999456],[105.84741259200007,-4.2330292379999719],[105.84741570200003,-4.2329612929999598],[105.84744419200007,-4.2316856979999784],[105.84738438900007,-4.2299108849999811],[105.84720909400005,-4.2281437999999412],[105.84691906000006,-4.226392007999948],[105.84651552900004,-4.2246630109999614],[105.84633842300008,-4.2240791409999474],[105.84654690700006,-4.2233529539999495],[105.84694668500003,-4.2216230779999364],[105.84714305300008,-4.2204208359999598],[105.84715070000004,-4.2204220219999797],[105.84716459600008,-4.2203316849999624],[105.84718498600006,-4.2202425979999703],[105.84718588400006,-4.2202386769999407],[105.84718944300005,-4.2202231159999428],[105.84725737500008,-4.2199180729999739],[105.84727201000004,-4.2198505319999526],[105.84729327300005,-4.2197847909999382],[105.84770130900006,-4.2183985869999674],[105.84810108500005,-4.2166687119999438],[105.84819528400004,-4.2161612229999719],[105.84820534000005,-4.2161312409999709],[105.84820750500006,-4.2161247589999675],[105.84867241600006,-4.2150630749999323],[105.84929366700004,-4.2134003869999788],[105.84947308900007,-4.2128484329999765],[105.84948449100006,-4.2128120409999497],[105.84981667600005,-4.2116640739999411],[105.85021644600005,-4.2099341989999743],[105.85047805600004,-4.2083324719999382],[105.85047834400007,-4.2083325119999699],[105.85048001600006,-4.2083204719999685],[105.85049334600006,-4.2082388579999588],[105.85067507100007,-4.2074659829999632],[105.85068286000006,-4.2074281919999521],[105.85071548800005,-4.2073235959999806],[105.85103752500004,-4.2062080799999535],[105.85118995600004,-4.205606922999948],[105.85122140800007,-4.205476674999943],[105.85125857400004,-4.2053479519999541],[105.85126383500005,-4.2053297089999546],[105.85128093300006,-4.2052703339999766],[105.85143104300005,-4.2047280619999583],[105.85154451700004,-4.2042861289999678],[105.85164515300005,-4.203880101999971],[105.85193144400006,-4.2025921599999378],[105.85215754700005,-4.2012746619999461],[105.85219540800006,-4.2010161349999748],[105.85225552700007,-4.2005812119999746],[105.85229419000007,-4.2002698429999441],[105.85230660800005,-4.2001648969999792],[105.85232432300006,-4.2000607549999245],[105.85248266500008,-4.1990051619999349],[105.85254982000004,-4.1984430689999499],[105.85257305400006,-4.1982298009999681],[105.85260011700007,-4.19801698699996],[105.85265595600004,-4.1975450449999698],[105.85267052700004,-4.1974119539999606],[105.85269096300004,-4.1972796429999448],[105.85278277200007,-4.1966340759999525],[105.85295422200005,-4.1948666119999416],[105.85299115800007,-4.1941392649999329],[105.85299916700006,-4.1939250949999405],[105.85301817600003,-4.1928775039999664],[105.85296509400007,-4.1912068589999762],[105.85295582400005,-4.1910586019999414],[105.85295216200007,-4.1909100989999502],[105.85290063400004,-4.1897774909999725],[105.85288011800009,-4.1894912099999715],[105.85286583500005,-4.1893056139999771],[105.85275996600006,-4.188216385999965],[105.85274898000006,-4.1881229049999433],[105.85274454800003,-4.1880288799999335],[105.85271496100006,-4.1875075069999639],[105.85253968300009,-4.1857404209999345],[105.85224967200008,-4.1839886289999413],[105.85206900300005,-4.183150846999979],[105.85204434800005,-4.1830446569999253],[105.85202592100006,-4.1829371999999694],[105.85190057400007,-4.1822580029999585],[105.85188297500008,-4.1821689819999506],[105.85187191300008,-4.1820789059999584],[105.85184000000004,-4.1818286369999669],[105.85154999400004,-4.180076842999938],[105.85114649800005,-4.1783478439999726],[105.85084905800005,-4.1773194269999294],[105.85079052300006,-4.1771310019999532],[105.85073617700004,-4.176941314999965],[105.85070018300007,-4.1768168029999515],[105.85064848900004,-4.1766395599999555],[105.85060134900004,-4.176461040999925],[105.85057537400007,-4.1763634039999715],[105.85006012000008,-4.1746645999999714],[105.84981502300008,-4.1739730079999617],[105.84977789600003,-4.1738725679999789],[105.84974681900007,-4.1737700779999614],[105.84947473000005,-4.1729228639999292],[105.84905569800009,-4.1717770059999566],[105.84897988600005,-4.1714877299999671],[105.84891459000005,-4.1712484729999346],[105.84884319800005,-4.1709914949999529],[105.84841050200004,-4.1695829619999358],[105.84836198500005,-4.1694390279999425],[105.84831976900006,-4.1692932369999767],[105.84815296700003,-4.1687392919999411],[105.84810856500008,-4.1685973179999678],[105.84806954400005,-4.1684537579999414],[105.84758038200005,-4.166850831999966],[105.84752830800005,-4.1666972939999596],[105.84748128200005,-4.1665421229999424],[105.84723916200005,-4.165783403999967],[105.84714669200008,-4.1655076299999791],[105.84705518900006,-4.1652315329999396],[105.84699401600005,-4.1650491109999734],[105.84680299200005,-4.1645178189999683],[105.84669907500006,-4.1639369839999745],[105.84635600300004,-4.1624668009999368],[105.84624653300006,-4.161362975999964],[105.84612381600004,-4.1605332759999669],[105.84611190600003,-4.1604605109999397],[105.84610677100005,-4.160386950999964],[105.84593791900005,-4.1587137439999537],[105.84564794400006,-4.156961942999942],[105.84544309300009,-4.1560208329999568],[105.84533313700007,-4.1555554409999331],[105.84513452700008,-4.1547675429999344],[105.84486905800009,-4.1538820899999678],[105.84471243300004,-4.1530023389999542],[105.84450764500008,-4.1520614779999505],[105.84449318100008,-4.1520002569999406],[105.84449311300006,-4.1519999669999379],[105.84441066500005,-4.1516510009999479],[105.84421206600007,-4.1508631409999452],[105.84369685200005,-4.1491643259999478],[105.84307208600006,-4.1475029799999561],[105.84234044400006,-4.1458862179999301],[105.84150505900004,-4.1443209629999274],[105.84056951000008,-4.1428139169999554],[105.83953780200005,-4.1413715319999369],[105.83841435300008,-4.1399999849999745],[105.83720397400003,-4.1387051479999286],[105.83591184800008,-4.1374925659999349],[105.83454350900007,-4.1363674319999291],[105.83310481400008,-4.1353345619999686],[105.83160192400004,-4.134398378999947],[105.83004127500004,-4.1335628919999294],[105.82842954900008,-4.1328316779999454],[105.82677364700004,-4.1322078679999663],[105.82508065800005,-4.1316941339999289],[105.82335783400003,-4.13129267599993],[105.82161254800008,-4.1310052099999552],[105.81985227500007,-4.1308329709999612],[105.81808455100008,-4.1307766949999518],[105.81631694500004,-4.1308366219999471],[105.81455702600005,-4.1310124979999614],[105.81281232900005,-4.1313035679999643],[105.81109032500007,-4.1317085859999452],[105.80939838600005,-4.1322258189999275],[105.80774375800007,-4.1328530519999731],[105.80613352500006,-4.1335875999999416],[105.80457458300003,-4.1344263169999635],[105.80307360600005,-4.13536561199993],[105.80163702100003,-4.1364014629999701],[105.80027098200009,-4.1375294359999657],[105.79898133600005,-4.1387446999999611],[105.79777360600008,-4.1400420519999557],[105.79665296400009,-4.1414159359999303],[105.79562421000008,-4.142860470999949],[105.79469174900004,-4.1443694699999583],[105.79385957500006,-4.1459364719999598],[105.79313125000004,-4.1475547679999636],[105.79250989600007,-4.1492174259999501],[105.79199817300008,-4.1509173289999808],[105.79196859300004,-4.1510452859999418],[105.79193987000008,-4.1511407009999743],[105.79153997100008,-4.1528705679999689],[105.79125360800003,-4.1546229929999754],[105.79108200800005,-4.156390470999952],[105.79102639200005,-4.1579736719999687],[105.79102543400006,-4.1581322839999757],[105.79101909100007,-4.1582907729999761],[105.79099729700005,-4.1593794349999484],[105.79099729300003,-4.1595079249999571],[105.79099730700005,-4.1595360099999539],[105.79105694700007,-4.1613108559999432],[105.79123207400005,-4.1630779849999726],[105.79152193700008,-4.1648298299999738],[105.79192529600004,-4.1665588879999405],[105.79210938700004,-4.1671660129999282],[105.79208205800006,-4.168030779999981],[105.79214170500006,-4.1698056239999346],[105.79231683900008,-4.1715727519999746],[105.79260671200007,-4.17332459499994],[105.79301008000004,-4.1750536509999279],[105.79352522000005,-4.176752515999965],[105.79414992500006,-4.178413915999954],[105.79468696700008,-4.1796007729999474],[105.79473744800003,-4.1797936219999769],[105.79525259600007,-4.1814924849999784],[105.79587731000004,-4.1831538819999423],[105.79627394700009,-4.1840539649999755],[105.79631639600007,-4.1841943819999301],[105.79637096600004,-4.1843685569999707],[105.79657531100008,-4.185545713999943],[105.79697869900008,-4.1872747649999269],[105.79715700100007,-4.1879093339999258],[105.79722837900005,-4.1881520419999561],[105.79756523800006,-4.189216331999944],[105.79772636600006,-4.1896601769999506],[105.79773783400009,-4.1897547539999778],[105.79802773200004,-4.1915065909999498],[105.79834459800009,-4.1928647459999411],[105.79802655700007,-4.1939212629999361],[105.79762666800008,-4.1956511319999663],[105.79747118400007,-4.1966026829999805],[105.79745891200008,-4.1966006699999525],[105.79744926200004,-4.1966599979999728],[105.79743283500005,-4.1967178039999453],[105.79730941600008,-4.1971666499999287],[105.79711985900008,-4.1979233289999343],[105.79710494700004,-4.1979866909999259],[105.79708341100007,-4.1980481019999729],[105.79697489200004,-4.198363732999951],[105.79691613100005,-4.1985401049999496],[105.79683089600007,-4.1987988769999447],[105.79676350100004,-4.1989949969999429],[105.79671107800004,-4.1991490439999666],[105.79644852800004,-4.199971029999972],[105.79629884700006,-4.2004666199999292],[105.79622644400007,-4.200710451999953],[105.79621456600006,-4.200751152999942],[105.79618363800006,-4.2008579409999811],[105.79593162200007,-4.2015719759999683],[105.79541989400008,-4.2032718839999461],[105.79538893700004,-4.2033894099999429],[105.79537706400004,-4.2034348969999655],[105.79511121000007,-4.2045967349999387],[105.79485606500003,-4.2054117749999591],[105.79471114400008,-4.2059025739999356],[105.79451025400004,-4.2066188049999482],[105.79428224100008,-4.2075411889999259],[105.79427512100006,-4.2075723109999785],[105.79410323600007,-4.2083797979999531],[105.79387325200008,-4.2097846499999605],[105.79366076800005,-4.2105197439999529],[105.79326086800006,-4.2122496139999726],[105.79299461000005,-4.2138508599999795],[105.79297365700006,-4.214005158999953],[105.79294731500005,-4.2141586229999461],[105.79282246700006,-4.214956764999954],[105.79281773200006,-4.2149902779999593],[105.79280462300005,-4.2150842629999374],[105.79278760300008,-4.2152078499999561],[105.79276457500004,-4.215330450999943],[105.79271977000008,-4.2155751469999245],[105.79268187900004,-4.2157875509999485],[105.79264023700006,-4.2159992469999565],[105.79243825400005,-4.217157585999928],[105.79242878000008,-4.2172198239999261],[105.79234625900006,-4.2178045059999363],[105.79223581900004,-4.2187945779999723],[105.79222626900008,-4.2188971989999686],[105.79221031900005,-4.2189990149999517],[105.79216574700007,-4.2192941159999577],[105.79216390500005,-4.2193067769999288],[105.79214211100003,-4.2194067449999579],[105.79203103800006,-4.2199419929999635],[105.79179859300007,-4.221364484999981],[105.79179111400003,-4.2213633829999253],[105.79176997400003,-4.2215081369999439],[105.79174325000008,-4.2216519569999491],[105.79170017500007,-4.2218896359999576],[105.79166551000009,-4.222085859999936],[105.79162660200006,-4.2222812799999474],[105.79161627000008,-4.222333439999943],[105.79143280900007,-4.2233694809999633],[105.79139871700005,-4.2235863229999495],[105.79136097700007,-4.223802553999974],[105.79118300200008,-4.2249715799999308],[105.79113373600006,-4.2253735899999469],[105.79110538000003,-4.225620140999979],[105.79098306100008,-4.2269856089999394],[105.79098250400006,-4.2269943009999338],[105.79097546300005,-4.2271044059999667],[105.79093541700007,-4.2279245729999388],[105.79092285900003,-4.2282968659999369],[105.79090738700006,-4.2292429669999478],[105.79090929700004,-4.2295391229999382],[105.79091017000007,-4.2296125669999469],[105.79090422300004,-4.2296857739999609],[105.79087087000005,-4.2301442809999799],[105.79081478400008,-4.2319027799999276],[105.79081486200005,-4.232092702999978],[105.79081035400009,-4.2322825719999742],[105.79080269100007,-4.2329569439999659],[105.79086236700005,-4.2347317849999513],[105.79103754100004,-4.2364989079999305],[105.79132746200008,-4.2382507439999699],[105.79173088800007,-4.2399797919999287],[105.79176903600006,-4.2401055819999556],[105.79161127100008,-4.2417307459999734],[105.79157411400007,-4.2424626179999336],[105.79157179300006,-4.2425248479999595],[105.79155762300007,-4.2431033859999729],[105.79147065700005,-4.2441147319999573],[105.79144754400005,-4.2445975419999513],[105.79143483200005,-4.2446930119999706],[105.79126325200008,-4.2464604899999472],[105.79124072400003,-4.2468559579999692],[105.79123472700007,-4.2469766699999809],[105.79122733500009,-4.2470498989999328],[105.79122070300008,-4.2471134019999681],[105.79120289400004,-4.2472230619999323],[105.79120951800007,-4.2472241469999403],[105.79107355000008,-4.2481016049999312],[105.79092264500008,-4.2495726219999597],[105.79090830200005,-4.2497632899999758],[105.79088942600004,-4.2499535569999694],[105.79081242200004,-4.2508959489999256],[105.79075646400008,-4.2525609249999548],[105.79075604800005,-4.2526992379999342],[105.79074980400009,-4.2528374099999269],[105.79072717400004,-4.2535379169999601],[105.79072602700006,-4.2535969339999724],[105.79072077400008,-4.2536478089999719],[105.79063272800005,-4.2546992679999676],[105.79060329000004,-4.2552418579999767],[105.79059862900004,-4.2553471739999509],[105.79057449400005,-4.2561821319999353],[105.79057164500006,-4.2563921539999683],[105.79056170400008,-4.2565995159999375],[105.79053971200005,-4.2571937759999514],[105.79053310800003,-4.2574470269999551],[105.79052251400009,-4.2577649269999256],[105.79051947500005,-4.2578612469999371],[105.79050564400006,-4.2583255829999302],[105.79050012000005,-4.2585391969999478],[105.79049416000004,-4.2588108689999444],[105.79048638600005,-4.2590824929999371],[105.79048615200008,-4.2590924299999529],[105.79048404300005,-4.2591156249999358],[105.79042817100009,-4.2598357449999753],[105.79040497700004,-4.2602447089999487],[105.79039153900004,-4.2605179439999574],[105.79038290000005,-4.2606695139999715],[105.79036587100006,-4.2609270369999308],[105.79036258300005,-4.2609774719999791],[105.79034895200004,-4.2612043689999268],[105.79033958800005,-4.2613719169999627],[105.79032640600008,-4.2616297029999259],[105.79031521700006,-4.2618709019999415],[105.79031125600005,-4.2619384149999746],[105.79029429200006,-4.2621757559999764],[105.79028104000008,-4.2623709999999733],[105.79025349500006,-4.2628715759999523],[105.79024861500005,-4.2629780999999412],[105.79023837000005,-4.2630841609999379],[105.79022277800004,-4.2632509169999366],[105.79018694600006,-4.2636473039999601],[105.79013239200003,-4.2643528999999489],[105.79007632800005,-4.266127858999937],[105.79008115800008,-4.266613776999975],[105.79008513300005,-4.266824546999942],[105.79008513600007,-4.2670353569999406],[105.79008515000004,-4.267062836999969],[105.79014484200007,-4.268837676999965],[105.79016689000008,-4.2691439869999499],[105.79016991000009,-4.2691828759999453],[105.79032305600003,-4.2706436859999712],[105.79038301300005,-4.2710229829999662],[105.78984973700005,-4.2724625999999262],[105.78933797800005,-4.2741625119999753],[105.78893806100007,-4.2758923849999633],[105.78888196500009,-4.2761854789999347],[105.78886062500004,-4.2763003849999563],[105.78863035800003,-4.2777597189999597],[105.78854095300005,-4.2785331679999672],[105.78852962400003,-4.2786451909999528],[105.78844744800006,-4.2796392199999786],[105.78839138600006,-4.2814141789999667],[105.78839332500007,-4.2817125489999626],[105.78839539000006,-4.2818849409999302],[105.78838479700005,-4.282075089999978],[105.78834999100008,-4.2829566779999482],[105.78834830900007,-4.2830289599999674],[105.78833980800005,-4.2831007559999534],[105.78820692600004,-4.2845567709999273],[105.78815086500003,-4.2863317299999721],[105.78815090300009,-4.2863572709999289],[105.78815104200004,-4.286428399999977],[105.78814434200007,-4.2864992109999775],[105.78807926200005,-4.2873185829999443],[105.78804002700008,-4.2885608279999587],[105.78763067700004,-4.2899205439999264],[105.78723075500005,-4.2916504179999606],[105.78694438800005,-4.2934028459999354],[105.78690107900007,-4.2937534919999507],[105.78688530200009,-4.2938884159999589],[105.78675703000005,-4.2953052479999769],[105.78670096900004,-4.297080206999965],[105.78670392200007,-4.2974544239999659],[105.78670716900007,-4.2976743209999313],[105.78670672800007,-4.297743508999929],[105.78670167300004,-4.2980969449999407],[105.78669890100008,-4.2985144949999494],[105.78675860100009,-4.3002893349999454],[105.78676716300004,-4.3004140839999536],[105.78677433900003,-4.3005152589999511],[105.78694098500006,-4.3021576289999643],[105.78723094900005,-4.3039094609999324],[105.78763442800005,-4.3056385029999547],[105.78781088000005,-4.3062489859999573],[105.78780792800006,-4.306249844999968],[105.78784703400004,-4.306385200999955],[105.78788056200005,-4.3065220559999489],[105.78802671400007,-4.3070919069999718],[105.78816295000007,-4.3075725929999749],[105.78820267200007,-4.3083737999999698],[105.78837788700008,-4.310140917999945],[105.78866786100008,-4.3118927479999343],[105.78907135100008,-4.3136217879999776],[105.78958663000009,-4.3153206349999778],[105.78966613700004,-4.3155320259999712],[105.78980366500008,-4.3163965589999407],[105.78984648800008,-4.3166392669999709],[105.78995711900006,-4.3172283289999314],[105.79003655100007,-4.3176125709999269],[105.79007937500006,-4.3178124469999375],[105.79040344000003,-4.3191572429999496],[105.79070510900004,-4.3201518109999597],[105.79071997400007,-4.3203035729999328],[105.79073058500006,-4.3203932719999329],[105.79074017500005,-4.3205755939999335],[105.79076230700008,-4.3209477949999382],[105.79076859000008,-4.3210401419999585],[105.79078290100006,-4.3212453299999538],[105.79079309100007,-4.3214507669999307],[105.79079358700005,-4.3214607339999702],[105.79080785400004,-4.3217462719999276],[105.79083364800005,-4.3221898849999434],[105.79100887800007,-4.3239569999999503],[105.79129886900006,-4.325708825999925],[105.79141513800005,-4.3262070449999328],[105.79146743100006,-4.3266452309999295],[105.79145022300008,-4.3271902709999495],[105.79150994800005,-4.3289651059999414],[105.79168518500006,-4.3307322199999589],[105.79197518200004,-4.3324840449999442],[105.79237869800005,-4.3342130789999374],[105.79255344400008,-4.3347891679999293],[105.79256947700009,-4.3348503949999326],[105.79257736100004,-4.334992720999935],[105.79265296900007,-4.3359017119999521],[105.79265772300005,-4.3359492179999393],[105.79265545000004,-4.3359969079999701],[105.79262454700006,-4.3372931189999804],[105.79262453500007,-4.3376500399999713],[105.79262454900004,-4.3376794089999748],[105.79268428200004,-4.3394542429999774],[105.79285952800006,-4.3412213549999592],[105.79314953700003,-4.3429731779999656],[105.79355306500008,-4.3447022089999336],[105.79370146700006,-4.3452341949999322],[105.79376066700007,-4.3454383829999301],[105.79381609700005,-4.3456436359999771],[105.79431820700006,-4.3472933569999554],[105.79494311900004,-4.348954722999963],[105.79567494400004,-4.3505715029999692],[105.79575368100006,-4.3507300449999775],[105.79576718100009,-4.3507570069999701],[105.79577403500008,-4.350786386999971],[105.79599061100004,-4.3516506379999669],[105.79611007000005,-4.3520820589999403],[105.79613878700007,-4.3521825519999311],[105.79653466400003,-4.3534499639999353],[105.79715958900005,-4.3551113249999389],[105.79789142600004,-4.3567281019999768],[105.79844812400006,-4.357797699999935],[105.79849426100009,-4.3578817359999675],[105.79853455400007,-4.357968747999962],[105.79881610600006,-4.3585580719999371],[105.79957607700004,-4.359991278999928],[105.79995589700007,-4.3606586339999467],[105.80003154700006,-4.3607906919999664],[105.80013711300006,-4.3609721559999457],[105.80023062900005,-4.361131486999966],[105.80056376700009,-4.3619773289999557],[105.80083679400008,-4.3626139159999298],[105.80087503700008,-4.3627000379999572],[105.80133386300008,-4.3636802199999352],[105.80216949700008,-4.3652454799999418],[105.80310533300008,-4.3667525269999601],[105.80413736300005,-4.368194907999964],[105.80506030600009,-4.3693343979999781],[105.80511760200005,-4.369401350999965],[105.80531846600007,-4.3696333969999728],[105.80589673500003,-4.3702730249999604],[105.80599377600004,-4.3703769889999649],[105.80602334100007,-4.3704148199999509],[105.80603117800007,-4.3704249119999758],[105.80652227000007,-4.3710387439999749],[105.80677057000008,-4.3713400429999751],[105.80729523400004,-4.3719576509999456],[105.80850601200007,-4.3732524659999399],[105.80919806900005,-4.3739214289999495],[105.80929824800006,-4.374014878999958],[105.80939435300007,-4.374112542999967],[105.80953238100005,-4.3742517959999532],[105.81082494000009,-4.3754643459999443],[105.81219374200003,-4.3765894399999752],[105.81222910000008,-4.3766165669999282],[105.81231023800007,-4.376678707999929],[105.81246975600004,-4.3767929859999413],[105.81333523800004,-4.3778492119999441],[105.81435061600007,-4.3789350379999519],[105.81434688600007,-4.3789386879999483],[105.81444399600008,-4.3790386599999351],[105.81453686700007,-4.3791426089999277],[105.81554818200004,-4.3802144119999298],[105.81564518600004,-4.380311770999981],[105.81569542200003,-4.3803666799999519],[105.81614024800007,-4.38097264299995],[105.81726409600009,-4.3823441529999627],[105.81847490800004,-4.3836389449999729],[105.81976749800003,-4.3848514739999587],[105.82113633000006,-4.385976545999938],[105.82257554400007,-4.3870093439999778],[105.82368306100005,-4.3877089299999739],[105.82385148600008,-4.3878524229999698],[105.82491195200004,-4.388710721999928],[105.82611745100007,-4.3895853579999766],[105.82622159300007,-4.3896566219999613],[105.82632220400006,-4.3897328269999321],[105.82691795500006,-4.3901664089999599],[105.82629515100007,-4.391339071999937],[105.82556676700005,-4.3929574189999698],[105.82494539000004,-4.3946201179999775],[105.82443368200006,-4.3963200489999394],[105.82403383500008,-4.3980499319999353],[105.82374756200005,-4.3998023619999458],[105.82357608900008,-4.4015698319999501],[105.82352015300006,-4.4033447739999474],[105.82357999300007,-4.4051195879999341],[105.82375535300008,-4.4068866739999635],[105.82402562900006,-4.4085378589999777],[105.82406005700005,-4.4087140459999432],[105.82408969500005,-4.4088911099999564],[105.82424134600006,-4.4097183999999743],[105.82441909100004,-4.4104901199999631],[105.82458802900004,-4.4112831549999783],[105.82470762600008,-4.4119228529999646],[105.82476916800005,-4.4122415029999615],[105.82492205600005,-4.4129580969999438],[105.82579688300007,-4.416804046999971],[105.82604766300005,-4.4178164429999356],[105.82656313500007,-4.4195152309999344],[105.82718820400004,-4.4211765419999551],[105.82792019100003,-4.4227932619999706],[105.82875596300005,-4.4243584669999336],[105.82969194200007,-4.4258654539999611],[105.83072411900008,-4.4273077709999598],[105.83184807600009,-4.4286792389999619],[105.83305899800007,-4.4299739869999257],[105.83435170100006,-4.4311864689999538],[105.83572064800006,-4.4323114929999292],[105.83715997800005,-4.4333442409999293],[105.83866352700005,-4.4342802899999469],[105.84022485500009,-4.4351156309999737],[105.84183727700008,-4.4358466879999696],[105.84349388600003,-4.4364703299999633],[105.84518758900003,-4.436983884999961],[105.84691113100007,-4.4373851549999586],[105.84865713200008,-4.4376724219999346],[105.84973507000007,-4.4377915819999316],[105.84990430400006,-4.4378068489999691],[105.85058734800003,-4.4378597209999384],[105.85065963400007,-4.4378642949999403],[105.85079576800007,-4.4378727259999664],[105.85093063900007,-4.4378873189999695],[105.85209144000004,-4.4379875839999272],[105.85242922100008,-4.4379985009999245],[105.85330305500008,-4.4394052949999718],[105.85433529600004,-4.4408475659999453],[105.85533166600004,-4.44206324299995],[105.85532857600003,-4.4420659239999623],[105.85537238300009,-4.4421167909999326],[105.85541075600008,-4.4421719029999736],[105.85542268100005,-4.4421890149999399],[105.85543599000005,-4.4422080989999699],[105.85564789100005,-4.4425031129999297],[105.85605384000007,-4.4432479149999722],[105.85698989900004,-4.44475485199996],[105.85802215500007,-4.4461971149999613],[105.85914618900006,-4.4475685249999515],[105.86033295500005,-4.4488389179999785],[105.86051067100004,-4.4490173219999747],[105.86068656500004,-4.4491975359999287],[105.86088157200004,-4.4493952939999417],[105.86089678200005,-4.4494105619999686],[105.86092001800006,-4.4494338549999384],[105.86221279700004,-4.4506462729999612],[105.86250647300005,-4.4509004479999703],[105.86255518400009,-4.450941997999962],[105.86259913900005,-4.4509885869999266],[105.86311255100009,-4.4515181199999461],[105.86313917100006,-4.4515448379999611],[105.86316184000003,-4.4515675629999691],[105.86420010800003,-4.452553628999965],[105.86425414300004,-4.4526022959999523],[105.86430338200006,-4.4526558449999811],[105.86507660800004,-4.4534627009999781],[105.86570132200006,-4.4540684519999445],[105.86593710400007,-4.4542898369999762],[105.86660518200006,-4.4548964929999784],[105.86797421700004,-4.456021438999926],[105.86827904000006,-4.4562402969999653],[105.86836043400007,-4.4563235389999249],[105.86965323700008,-4.4575359379999782],[105.87102228200007,-4.4586608759999535],[105.87246170600008,-4.4596935339999391],[105.87396534500004,-4.4606294919999527],[105.87552676000007,-4.4614647389999504],[105.87613469000007,-4.4617524209999715],[105.87592755800006,-4.4626488249999738],[105.87568674400006,-4.4640685439999288],[105.87566624100003,-4.4642123939999578],[105.87564012900003,-4.4643553249999286],[105.87559176900004,-4.4646648779999509],[105.87555614800004,-4.464851633999956],[105.87554355500004,-4.4649198759999535],[105.87552274600006,-4.4650313179999443],[105.87549101500008,-4.4651699379999741],[105.87531778600004,-4.4659836749999613],[105.87511629200009,-4.4671369539999546],[105.87505566900006,-4.4675341289999437],[105.87497101800005,-4.4681332769999358],[105.87493190300006,-4.4684486219999258],[105.87491649400005,-4.4685790699999757],[105.87489541200006,-4.4687064419999274],[105.87487110200004,-4.4688558989999478],[105.87484529000005,-4.4690174259999367],[105.87481428800004,-4.4691780309999558],[105.87472563500006,-4.4696606199999565],[105.87466323100006,-4.4700184339999396],[105.87448544200004,-4.4711872289999519],[105.87437917700004,-4.4721341989999246],[105.87437661900009,-4.4721612689999688],[105.87437241300006,-4.4721876349999548],[105.87432162100004,-4.4725191689999519],[105.87430457100004,-4.4726352239999301],[105.87428225800005,-4.472748400999933],[105.87428124900003,-4.4727535219999481],[105.87399510300008,-4.4745059499999797],[105.87391720900007,-4.4751687119999701],[105.87388829400004,-4.4754437699999698],[105.87387038900005,-4.4755993129999752],[105.87378794200004,-4.4759947009999337],[105.87364269000005,-4.4767950519999431],[105.87363674600005,-4.4768308329999513],[105.87349585200008,-4.4777829099999735],[105.87342642700008,-4.4783662359999425],[105.87341531500005,-4.4784690349999323],[105.87339782000004,-4.4785709369999722],[105.87325192700007,-4.4795209919999479],[105.87323578800004,-4.4796400609999409],[105.87321355600005,-4.4797581359999299],[105.87297050100005,-4.4812868429999639],[105.87285529900004,-4.4823301729999798],[105.87284339700005,-4.4824610439999333],[105.87278726400007,-4.4831851729999812],[105.87275654600006,-4.4837590469999782],[105.87275214600004,-4.4838614649999613],[105.87274814900007,-4.4838990529999592],[105.87268388900009,-4.4844771959999434],[105.87261757400006,-4.485149741999976],[105.87260382200009,-4.4853094819999342],[105.87258475100003,-4.4854686709999783],[105.87248215700004,-4.4864865649999501],[105.87248027700008,-4.4865095439999436],[105.87247143400003,-4.4866203589999714],[105.87246140500008,-4.4867493659999695],[105.87245891800006,-4.4867693179999719],[105.87243991300005,-4.486912441999948],[105.87236959700004,-4.487413576999927],[105.87233256400003,-4.4876876159999597],[105.87218678200009,-4.4890941109999289],[105.87216882400008,-4.4893259229999671],[105.87214760900008,-4.4895574569999326],[105.87212082900004,-4.489869467999938],[105.87209596600007,-4.4901801129999512],[105.87207812800006,-4.4903172749999385],[105.87207786300007,-4.4903193099999612],[105.87190652800007,-4.4920867689999682],[105.87189271300008,-4.4923175899999706],[105.87187366400008,-4.4926602339999704],[105.87183697500006,-4.4936346909999543],[105.87183351600004,-4.4938100269999381],[105.87182592800008,-4.4939675949999582],[105.87181971500007,-4.4940932349999798],[105.87180692200008,-4.4942360689999532],[105.87175413700004,-4.4949231009999266],[105.87174539500006,-4.4950652899999568],[105.87172634600006,-4.4953888979999306],[105.87168277800004,-4.4965530239999794],[105.87167901000004,-4.496788267999932],[105.87167207000005,-4.497023439999964],[105.87166146000004,-4.4975666729999375],[105.87166004900007,-4.4977144759999419],[105.87165300800007,-4.4978621179999436],[105.87162211600008,-4.4991917119999698],[105.87162616100005,-4.499629840999944],[105.87162839900009,-4.4997593619999634],[105.87162463600004,-4.4998888469999656],[105.87161315900005,-4.5007124729999646],[105.87167316500006,-4.5024872549999486],[105.87177845500008,-4.5036762369999792],[105.87178142500005,-4.5037030709999613],[105.87183046400008,-4.5041065909999247],[105.87180611000008,-4.5051820269999325],[105.87183739000005,-4.5064549079999665],[105.87186114100007,-4.5069498659999567],[105.87188987000008,-4.5074517669999636],[105.87190840600005,-4.5077116869999259],[105.87192554000006,-4.5079367629999751],[105.87189807100003,-4.5090075129999718],[105.87195808300004,-4.5107822939999664],[105.87195878100005,-4.5107927559999439],[105.87198650500005,-4.5112072029999695],[105.87199801400004,-4.5114127299999609],[105.87200499200009,-4.5115435609999395],[105.87200871700009,-4.511710720999929],[105.87206198900009,-4.5129111999999623],[105.87207519200007,-4.5130998129999398],[105.87209078700005,-4.5133120359999452],[105.87210000400006,-4.5134795449999388],[105.87211126500006,-4.5136973089999515],[105.87212269800006,-4.5139601499999458],[105.87213180400005,-4.5141536429999292],[105.87214071000005,-4.5143295589999752],[105.87216590800006,-4.5147598249999419],[105.87226252400006,-4.5157323289999454],[105.87225698300006,-4.5157328579999785],[105.87226645800007,-4.5158328779999692],[105.87226945900005,-4.5159333049999759],[105.87227006800003,-4.5159534719999783],[105.87227408800004,-4.516084765999949],[105.87227214000006,-4.5162161059999448],[105.87226916500003,-4.5166524629999572],[105.87232918200004,-4.5184272439999518],[105.87234376700007,-4.518602891999933],[105.87230993100007,-4.5189981429999762],[105.87225415700004,-4.5207730619999325],[105.87227570200008,-4.521824037999977],[105.87227867000007,-4.5218985779999343],[105.87231714400008,-4.5226223829999412],[105.87249270000007,-4.5243894239999349],[105.87278304200004,-4.5261411579999731],[105.87318692700006,-4.5278700829999252],[105.87350180700008,-4.5289534929999604],[105.87352438500005,-4.529025565999973],[105.87354038600006,-4.5290993909999315],[105.87358690700006,-4.5292964899999788],[105.87359996300006,-4.5293850329999259],[105.87383463000003,-4.5307388229999788],[105.87383639000006,-4.5307476409999481],[105.87388198200006,-4.5309758269999634],[105.87388945100008,-4.5310161389999735],[105.87389586200004,-4.5310536899999647],[105.87393148500007,-4.5312819169999443],[105.87394429100004,-4.531363148999958],[105.87398072000008,-4.5315919979999535],[105.87401389400009,-4.5318213449999689],[105.87425940100007,-4.5332493339999473],[105.87427542600005,-4.5333275579999395],[105.87440568000005,-4.5345656589999521],[105.87469603600005,-4.5363173909999546],[105.87497721400007,-4.5375718719999441],[105.87499206800004,-4.5376315039999326],[105.87511478900007,-4.538105944999927],[105.87556827000009,-4.5396177859999511],[105.87557072400006,-4.5396369969999455],[105.87563880300007,-4.5400751049999712],[105.87505578600008,-4.5406244229999402],[105.87384770200003,-4.5419219809999731],[105.87272676600008,-4.5432960519999597],[105.87239735000009,-4.5437371619999567],[105.87219957300005,-4.544007679999936],[105.87205698100007,-4.5441979059999653],[105.87116460500005,-4.5454619329999559],[105.87090949700007,-4.545853344999955],[105.87083552800004,-4.5459689989999674],[105.87075670700006,-4.5460813779999398],[105.87036745600005,-4.5466516429999615],[105.87010562700004,-4.5470535689999565],[105.86983197700005,-4.547481864999952],[105.86916116800006,-4.5485890819999781],[105.86902245900006,-4.5488337779999597],[105.86885588700005,-4.5491312069999594],[105.86877250900005,-4.5492811939999456],[105.86873919300007,-4.549341573999925],[105.86852162400004,-4.5496956369999566],[105.86849201400008,-4.5497422119999555],[105.86835527000005,-4.5499534369999424],[105.86827745000005,-4.5500734299999408],[105.86818912100006,-4.5501995269999611],[105.86780942800004,-4.5507561499999269],[105.86687678100009,-4.5522652909999692],[105.86604448400004,-4.5538324139999418],[105.86596403800007,-4.5539987599999563],[105.86589906200004,-4.5541031049999674],[105.86582911200009,-4.5542030219999674],[105.86545365800004,-4.5547535869999365],[105.86452100200006,-4.5562627269999325],[105.86368869600005,-4.5578298479999262],[105.86296030500006,-4.5594482409999273],[105.86233894800006,-4.5611109749999628],[105.86228712200005,-4.5612663349999707],[105.86221479800008,-4.5614853349999294],[105.86218483200008,-4.5615718569999331],[105.86192221900006,-4.5620891899999378],[105.86154397400009,-4.5628942959999677],[105.86149908300007,-4.5629940549999333],[105.86144848300006,-4.5630910229999699],[105.86113706300006,-4.5637067389999402],[105.86110965600005,-4.5637628419999601],[105.86094422100007,-4.5641024759999596],[105.86024322700007,-4.5656647649999513],[105.85962186200004,-4.56732749899993],[105.85911019300005,-4.5690274539999791],[105.85882696700008,-4.5701968109999598],[105.85880542800004,-4.5702951929999358],[105.85877760300008,-4.57039197499995],[105.85875794200007,-4.5704607029999806],[105.85872457900007,-4.5705779049999364],[105.85868535400004,-4.5706932629999528],[105.85866127100007,-4.57076441199996],[105.85814959900006,-4.5724643669999523],[105.85797828900007,-4.5731657879999261],[105.85768013200004,-4.573986624999975],[105.85764331500008,-4.5740966669999352],[105.85763143000008,-4.5741324439999289],[105.85715657200006,-4.575722356999961],[105.85699485500004,-4.5763620429999605],[105.85695622600008,-4.5765230349999797],[105.85671815700005,-4.5776132449999523],[105.85647675100006,-4.5790368899999407],[105.85642920300006,-4.5793707979999567],[105.85638442600003,-4.5796995849999576],[105.85631097900006,-4.5803412869999534],[105.85604409800004,-4.5814483139999425],[105.85603458900005,-4.5814921989999675],[105.85593043800009,-4.5819957869999257],[105.85564425400008,-4.5837482189999719],[105.85562063000003,-4.5839350059999333],[105.85556737300004,-4.5843681309999624],[105.85545727500005,-4.5854373749999695],[105.85545537300004,-4.5854602729999669],[105.85541774000006,-4.5859717039999737],[105.85536195000009,-4.5877466289999802],[105.85542196400007,-4.5895214139999325],[105.85547582300006,-4.5900635039999429],[105.85539534100008,-4.5905068329999494],[105.85539153600007,-4.5905297279999786],[105.85530554100006,-4.591082240999981],[105.85527773300004,-4.5912738379999496],[105.85524549300004,-4.5914647339999419],[105.85518001200006,-4.5918711709999798],[105.85516860000007,-4.5919455819999371],[105.85508108900007,-4.5925633449999737],[105.85490973500004,-4.5943308069999489],[105.85487473600006,-4.5950089659999662],[105.85487092900007,-4.5951062759999672],[105.85485014100004,-4.5962030419999564],[105.85491015900004,-4.5979778269999656],[105.85508572600008,-4.5997448729999633],[105.85521786000004,-4.6006305669999392],[105.85522546300007,-4.6006763589999764],[105.85538369600005,-4.6015424049999751],[105.85578761800008,-4.6032713359999775],[105.85588541500005,-4.6035934499999485],[105.85587980500009,-4.6035950289999619],[105.85589258500005,-4.6036407429999713],[105.85589846900007,-4.6036878539999293],[105.85590105600005,-4.6036875289999557],[105.85592411900006,-4.6039196549999701],[105.85610765100006,-4.6051045369999315],[105.85611397900004,-4.6051401849999252],[105.85612301400005,-4.6053447299999561],[105.85621152600004,-4.6063778739999748],[105.85621532800008,-4.6064141259999474],[105.85630239200003,-4.607148026999937],[105.85635409100007,-4.6075188359999402],[105.85636342600009,-4.6075825799999279],[105.85636587600004,-4.6076469609999435],[105.85640621600004,-4.6084185339999522],[105.85658179400008,-4.610185577999971],[105.85687217300006,-4.6119373149999774],[105.85713117100005,-4.6131020119999562],[105.85726045300004,-4.6136286269999687],[105.85740539100004,-4.6141928569999777],[105.85780815100009,-4.6155193799999665],[105.85791995000005,-4.6166444959999353],[105.85821033800005,-4.6183962309999629],[105.85861428300007,-4.6201251569999613],[105.85913005800006,-4.6218238719999363],[105.85951840800004,-4.6228554399999666],[105.85962670000004,-4.6239451949999761],[105.85991709800004,-4.625696927999968],[105.86029590800007,-4.6273314609999261],[105.86035629700007,-4.6275597839999705],[105.86041364400006,-4.6277888939999343],[105.86052899800006,-4.6282337609999331],[105.86104478700008,-4.6299324719999504],[105.86167019800007,-4.6315936949999355],[105.86215294400006,-4.6326901359999511],[105.86225187200006,-4.6329020359999618],[105.86232227000005,-4.6330610799999477],[105.86234538800005,-4.6331126099999551],[105.86239584200007,-4.6332646849999719],[105.86302126100009,-4.6349259059999781],[105.86361290600007,-4.6362527639999485],[105.86364583600005,-4.6363216089999355],[105.86378655500005,-4.6366113689999793],[105.86462272800009,-4.6381764629999793],[105.86555913000007,-4.6396833299999685],[105.86561790900004,-4.6397709949999353],[105.86569126900008,-4.6398799479999298],[105.86576550700005,-4.6400336939999534],[105.86660168900005,-4.6415987829999494],[105.86753810100004,-4.6431056459999809],[105.86857073300007,-4.6445478269999398],[105.86969516200008,-4.6459191519999763],[105.87090657500005,-4.6472137469999666],[105.87219978300004,-4.6484260699999709],[105.87263912600008,-4.6488034629999788],[105.87268283600008,-4.6488402029999634],[105.87272175000004,-4.6488820219999525],[105.87272247500005,-4.6488813429999709],[105.87348363300003,-4.6496947549999277],[105.87477685000005,-4.6509070709999492],[105.87614632400005,-4.6520319209999457],[105.87758619100003,-4.6530644879999272],[105.87816783700003,-4.6534263949999399],[105.87777098300006,-4.6534661139999685],[105.87602516300007,-4.6537575579999384],[105.87430207700004,-4.6541629419999708],[105.87275016800004,-4.6546327209999276],[105.87271011300004,-4.6546461729999464],[105.87256904500003,-4.6546939809999799],[105.87091342700006,-4.6553215569999793],[105.87012916600008,-4.6556792699999505],[105.86944179300008,-4.6559392839999418],[105.86860176800008,-4.656273222999971],[105.86699059300008,-4.65700809599997],[105.86543076600009,-4.6578471239999431],[105.86392896500007,-4.658786713999973],[105.86249162000007,-4.6598228429999722],[105.86112488800006,-4.6609510759999466],[105.86009241500005,-4.6619107379999605],[105.85908316200005,-4.6628989999999249],[105.85882536500009,-4.6631548429999725],[105.85761708100006,-4.6644524139999248],[105.85649596200005,-4.665826496999955],[105.85546680800007,-4.6672712089999777],[105.85453402600007,-4.6687803619999499],[105.85370161100008,-4.6703474959999767],[105.85326857400008,-4.6712750659999642],[105.85234723800005,-4.6733496199999536],[105.85141743400004,-4.6754432279999492],[105.85112198600007,-4.676134058999935],[105.85050054900006,-4.6777968009999427],[105.85024758100008,-4.6785871319999615],[105.85019177300006,-4.6787711089999675],[105.85013165500004,-4.6789537119999522],[105.84967990500007,-4.6804736249999337],[105.84928009000004,-4.682203526999956],[105.84899389300006,-4.6839559619999704],[105.84892866900009,-4.6845006079999507],[105.84892394900004,-4.6845436939999558],[105.84881782300005,-4.6857665109999402],[105.84876205500007,-4.6875414349999573],[105.84882210700005,-4.6893162169999414],[105.84889956500007,-4.6902417179999247],[105.84890439400004,-4.6902895789999661],[105.84900255300005,-4.6911311189999765],[105.84929298300005,-4.6928828529999578],[105.84943678700006,-4.6935587929999656],[105.84956389500007,-4.6941210759999308],[105.84982409200006,-4.6951740599999425],[105.85004404700004,-4.6959478029999673],[105.85005841700007,-4.6959956539999439],[105.85035430500005,-4.6969206219999364],[105.85097978100004,-4.6985818449999783],[105.85141084200006,-4.6995668249999767],[105.85153973700005,-4.6998461769999267],[105.85166837900005,-4.7001256449999573],[105.85176569100008,-4.700329839999938],[105.85109214700009,-4.7015978309999582],[105.85093056600005,-4.7019333799999572],[105.85085442600007,-4.7020943079999711],[105.85065189900007,-4.7025323849999268],[105.85064238300004,-4.7025534579999544],[105.85027798300007,-4.703398237999977],[105.84965653100005,-4.705060982999953],[105.84957914200004,-4.7052941069999292],[105.84955098400008,-4.7053802269999778],[105.84942441700008,-4.7056941579999716],[105.84929504300004,-4.7060217259999604],[105.84897398500004,-4.7068763429999763],[105.84886273300003,-4.7071882879999407],[105.84876637000008,-4.7074560569999448],[105.84870508200004,-4.7076281709999535],[105.84868416200004,-4.707687549999946],[105.84856282100009,-4.708039643999939],[105.84846730300006,-4.7083284139999364],[105.84843698200007,-4.708421828999974],[105.84840787200005,-4.7084948239999562],[105.84789711900004,-4.7098842939999486],[105.84738538000005,-4.7115842579999594],[105.84731246000007,-4.7118653619999691],[105.84728087800005,-4.7119405269999675],[105.84727526000006,-4.7119384499999342],[105.84723080600008,-4.712059495999938],[105.84718055000008,-4.7121757399999638],[105.84707027800005,-4.71242646099995],[105.84684419800004,-4.7129556119999734],[105.84677189000007,-4.713129935999973],[105.84674216800005,-4.7132018839999432],[105.84612070200006,-4.714864628999976],[105.84600762400004,-4.7152076909999323],[105.84591199800008,-4.7155044169999769],[105.84581628000007,-4.7158011129999409],[105.84573976500008,-4.7160421139999471],[105.84558958200006,-4.7165228809999462],[105.84527784800008,-4.7175980579999646],[105.84524814800005,-4.7177089779999619],[105.84521244400008,-4.7178181009999776],[105.84477636800005,-4.7192901979999533],[105.84476790900004,-4.7193221039999571],[105.84476031000008,-4.7193508329999645],[105.84448177900003,-4.7205113969999388],[105.84431701600005,-4.720984231999978],[105.84428103800008,-4.7210917319999339],[105.84413652400008,-4.7215265419999355],[105.84366075000008,-4.7231190059999335],[105.84354759200005,-4.723559565999949],[105.84353999400008,-4.7235902079999619],[105.84325875500008,-4.724852015999943],[105.84323657500005,-4.7249639929999603],[105.84320827400006,-4.7250745719999259],[105.84293531300005,-4.7262488089999692],[105.84293027100006,-4.7262729039999272],[105.84271641800007,-4.7270121339999491],[105.84231657800007,-4.7287420369999609],[105.84218479900005,-4.7294687549999708],[105.84210392900007,-4.7297987159999479],[105.84204033000009,-4.7300668669999482],[105.84197511900004,-4.7303346269999338],[105.84195789200004,-4.7304057799999555],[105.84190418100007,-4.7306289259999517],[105.84184720200005,-4.7308512559999372],[105.84150847600006,-4.7323470199999633],[105.84129762600008,-4.7335627899999508],[105.84118154200007,-4.7339790499999594],[105.84078169800006,-4.7357089539999606],[105.84049548100006,-4.7374613899999645],[105.84047075900008,-4.7376587649999351],[105.84037621200008,-4.7380557659999454],[105.84035552000006,-4.7381463469999403],[105.84032845400009,-4.7382352209999681],[105.84006118500008,-4.7391727939999555],[105.83966133700005,-4.7409026979999567],[105.83937511800008,-4.74265513499995],[105.83935896000008,-4.7427872999999749],[105.83904497800006,-4.7441457059999266],[105.83875875700005,-4.7458981419999304],[105.83869109200003,-4.7464651039999808],[105.83867712500006,-4.746593566999934],[105.83865720100005,-4.7467212349999386],[105.83861071900009,-4.7470307459999503],[105.83857250400007,-4.747295572999974],[105.83853232900009,-4.7475601069999698],[105.83845088500004,-4.7481380579999382],[105.83842339900008,-4.7483563969999523],[105.83841082700008,-4.7484596179999699],[105.83836540700008,-4.7486983309999573],[105.83813051600004,-4.7501434939999285],[105.83811295000004,-4.7502735729999586],[105.83806171800006,-4.750541625999972],[105.83780491900006,-4.7521424449999472],[105.83775823900004,-4.7525224099999264],[105.83773008200006,-4.7527657239999712],[105.83770023300008,-4.7529981809999526],[105.83761016900007,-4.7537915339999586],[105.83759999200004,-4.7538946509999391],[105.83758342500005,-4.7539969309999606],[105.83754278800006,-4.7542556869999544],[105.83753710800005,-4.754293028999939],[105.83748695500009,-4.7546375219999391],[105.83745999300004,-4.7548314169999344],[105.83742770700007,-4.7550714129999392],[105.83725634200005,-4.7568388779999395],[105.83724821600003,-4.7570974989999399],[105.83722555300005,-4.7572394129999793],[105.83720184700007,-4.7573964009999372],[105.83717283200008,-4.757552488999977],[105.83701334900007,-4.7585039589999383],[105.83697553700006,-4.7587569659999645],[105.83695605500009,-4.7588793529999407],[105.83691370500009,-4.7591297399999348],[105.83686284400005,-4.7594414399999323],[105.83681881000007,-4.7597215159999564],[105.83671563200005,-4.7604400919999534],[105.83669985600005,-4.7605636519999734],[105.83668350600004,-4.7606940879999797],[105.83666125400003,-4.7608236409999449],[105.83655157900006,-4.7615154139999731],[105.83654448000004,-4.7615642479999565],[105.83648845500005,-4.761971158999927],[105.83641269100008,-4.7626135779999572],[105.83638014200005,-4.7629209249999462],[105.83628454000007,-4.7640459709999732],[105.83623759100004,-4.7650941709999302],[105.83623249200008,-4.7652941579999606],[105.83623099400006,-4.7653260209999644],[105.83622509600008,-4.7654253279999352],[105.83621182700006,-4.7655305159999557],[105.83610600600008,-4.766512635999959],[105.83610459400006,-4.7665284349999411],[105.83605218200006,-4.7672112249999259],[105.83600062800008,-4.7684730089999334],[105.83599924500004,-4.7685513549999428],[105.83599128800006,-4.7686246899999674],[105.83597456000007,-4.7687628089999521],[105.83595656000006,-4.7688513589999388],[105.83592443600008,-4.7690118619999566],[105.83563820800003,-4.7707642999999393],[105.83546684200007,-4.7725317649999397],[105.83541107200006,-4.7743066909999357],[105.83543037900006,-4.7748771849999798],[105.83541993500006,-4.774877404999927],[105.83542158000006,-4.7749558779999575],[105.83541645200006,-4.7750341999999364],[105.83541408700006,-4.7750706979999791],[105.83539825500009,-4.7754217919999746],[105.83528581600007,-4.7759442709999576],[105.83499958700008,-4.7776967089999403],[105.83482822000008,-4.77946417499993],[105.83477245100005,-4.7812390999999366],[105.83477439100005,-4.7815327769999385],[105.83477606000008,-4.7816719109999326],[105.83477592800006,-4.7816763489999516],[105.83476182500004,-4.782031457999949],[105.83474201700005,-4.7830607789999249],[105.83474013900008,-4.78308416699997],[105.83472337400008,-4.783304133999934],[105.83469944100005,-4.7836358809999524],[105.83468466200009,-4.7838528039999346],[105.83462889300006,-4.7856277289999412],[105.83463823500006,-4.7862954739999282],[105.83461653600006,-4.7864496699999677],[105.83444517000004,-4.7882171359999575],[105.83438940300005,-4.789992060999964],[105.83442340900007,-4.7909967589999383],[105.83439037100004,-4.7914266909999697],[105.83437600500008,-4.7916674449999732],[105.83437180200008,-4.7917435569999611],[105.83433040200003,-4.7932777279999641],[105.83433662000004,-4.793827447999945],[105.83433857800009,-4.7939189239999678],[105.83433392200004,-4.7940103019999469],[105.83429865800008,-4.7954289129999665],[105.83429910000007,-4.7954780119999327],[105.83429306600004,-4.7955661749999763],[105.83428531100009,-4.7956831589999638],[105.83426253300007,-4.7960848969999574],[105.83425031100006,-4.7963328739999724],[105.83423538100004,-4.7965807019999716],[105.83418613300006,-4.7982508149999603],[105.83424620700004,-4.8000255979999338],[105.83427198300006,-4.8003764369999544],[105.83426394200006,-4.8006163499999275],[105.83425929700007,-4.8008073099999251],[105.83425009600006,-4.800998103999973],[105.83424758200005,-4.8010513069999661],[105.83424618700008,-4.801081465999971],[105.83422573400009,-4.8016540109999255],[105.83422027100005,-4.8018708549999474],[105.83421165800007,-4.8025894779999589],[105.83421965900004,-4.8032171739999399],[105.83423322200008,-4.8037757649999548],[105.83426669200009,-4.8045130099999369],[105.83426571000007,-4.8045379899999716],[105.83424557500007,-4.8053907909999793],[105.83424433300007,-4.8055473179999808],[105.83424349500007,-4.8057965069999682],[105.83424354200008,-4.8058352799999398],[105.83430362100006,-4.8076100629999701],[105.83436821500004,-4.8082819429999404],[105.83433107400003,-4.809537210999963],[105.83436045900004,-4.810769023999967],[105.83436192800008,-4.8108006139999588],[105.83439262500008,-4.8113435839999283],[105.83439756400008,-4.8114134049999393],[105.83439347300003,-4.8114724769999384],[105.83433771400007,-4.8132474009999555],[105.83436713900005,-4.8144800229999305],[105.83436860900008,-4.8145116119999329],[105.83438858000005,-4.8148853159999589],[105.83442005800003,-4.8154070249999563],[105.83437088400007,-4.8169723729999419],[105.83443096900004,-4.8187471549999259],[105.83454808200008,-4.8200402899999517],[105.83457477300004,-4.8202730509999583],[105.83457954200009,-4.8203203579999467],[105.83458999600003,-4.8204405419999716],[105.83459160400008,-4.8204610029999344],[105.83459616200008,-4.8205945689999794],[105.83464043700008,-4.8214743009999665],[105.83477966400005,-4.822954541999934],[105.83478438900005,-4.8229933709999386],[105.83478528800003,-4.8230103629999803],[105.83480739000004,-4.8233803999999623],[105.83498306600006,-4.8251474389999771],[105.83499171100004,-4.8252114899999583],[105.83499157500006,-4.8252827029999708],[105.83505166600008,-4.8270574839999654],[105.83513859500005,-4.8280749549999769],[105.83516418400006,-4.8283201379999809],[105.83518700900004,-4.8285655959999758],[105.83522758700008,-4.8289692839999248],[105.83523120700005,-4.829002786999979],[105.83526099700003,-4.829265606999968],[105.83529245800008,-4.8298310809999521],[105.83546814000005,-4.8315981179999312],[105.83556293200007,-4.8321696879999649],[105.83555116500008,-4.8321715059999519],[105.83557422300004,-4.8323216919999368],[105.83559178800004,-4.8324726219999548],[105.83564510000008,-4.8329010789999529],[105.83567705900003,-4.8331345269999701],[105.83575889000008,-4.833713616999944],[105.83575997100007,-4.8337212589999581],[105.83580201500007,-4.8340181819999657],[105.83584343200005,-4.8343151919999627],[105.83585919400008,-4.8344265459999747],[105.83591093200005,-4.8347866819999581],[105.83600509900003,-4.835393450999959],[105.83602326100004,-4.8355023579999283],[105.83603514300006,-4.8356121339999731],[105.83611288200007,-4.8362580729999536],[105.83618578200009,-4.8367707829999631],[105.83621089200005,-4.8369360799999299],[105.83621257400006,-4.8369500549999316],[105.83621237700004,-4.836955325999952],[105.83619360100005,-4.8380001589999324],[105.83619420000008,-4.8381504639999662],[105.83619578600008,-4.838385470999981],[105.83625528800007,-4.8400099459999524],[105.83626844500009,-4.8401977629999351],[105.83628894400005,-4.8404765699999643],[105.83630794800007,-4.8407554829999526],[105.83648079800008,-4.8424803259999294],[105.83675209000006,-4.8441347289999612],[105.83677129700004,-4.8442328329999782],[105.83679053600008,-4.844330154999966],[105.83719466200006,-4.8460590689999776],[105.83742782900003,-4.8468521259999306],[105.83744267900005,-4.8469928579999646],[105.83745645000005,-4.8471053629999687],[105.83745951100008,-4.8471709189999501],[105.83749000700004,-4.847709401999964],[105.83753159100007,-4.8482520739999586],[105.83754367400007,-4.8483914449999475],[105.83765806600007,-4.8494636579999337],[105.83767756300006,-4.8496174519999613],[105.83768233600006,-4.8496698869999477],[105.83769319500004,-4.8497999949999553],[105.83781788900006,-4.8509820349999586],[105.83786125700004,-4.8513218369999436],[105.83787808900007,-4.8514512579999405],[105.83802280600008,-4.8524115329999518],[105.83804316100009,-4.8525319769999555],[105.83805743900007,-4.8526532979999502],[105.83810672700008,-4.8530473339999389],[105.83812347500009,-4.8531715239999471],[105.83814514200009,-4.8533294589999514],[105.83826850100007,-4.8541381769999248],[105.83827516000008,-4.8541778179999255],[105.83827926300006,-4.8542169629999421],[105.83836676800007,-4.854954508999981],[105.83853648100006,-4.8560602669999753],[105.83857583700006,-4.8562856879999572],[105.83861184600005,-4.8565116709999643],[105.83879914100004,-4.8575556939999274],[105.83884285200008,-4.8577702029999728],[105.83884758400006,-4.8577929589999371],[105.83886381100007,-4.8578999819999353],[105.83891888800008,-4.8582480229999305],[105.83898325200005,-4.8586383609999757],[105.83901966600007,-4.8588702059999491],[105.83905946100003,-4.8591242489999331],[105.83909796400008,-4.8593840749999799],[105.83927000900007,-4.8604095679999659],[105.83938529900007,-4.8610245139999506],[105.83944565300004,-4.8613363759999402],[105.83984980300005,-4.8630652839999584],[105.84006983400008,-4.8638390189999541],[105.84008421000004,-4.8638868689999413],[105.84019440700007,-4.8642447149999271],[105.84020542700006,-4.8642796429999748],[105.84021072800005,-4.8643074629999319],[105.84025610000003,-4.8645400549999636],[105.84066025500005,-4.8662689619999355],[105.84070696800006,-4.8664407189999679],[105.84075969700007,-4.8666321209999523],[105.84096923000004,-4.8673536359999616],[105.84104014600007,-4.86758580999998],[105.84110827700005,-4.8678188229999364],[105.84110972500008,-4.8678237749999766],[105.84118819100007,-4.868091948999961],[105.84118998300005,-4.8681003269999792],[105.84136448800007,-4.868862351999951],[105.84143182600008,-4.869138133999968],[105.84149788300005,-4.8694142269999361],[105.84168151400007,-4.8701377239999601],[105.84174700400007,-4.8703772919999437],[105.84177097200006,-4.8704634219999434],[105.84206060300005,-4.8714338879999559],[105.84209686400004,-4.8715476149999404],[105.84212718200007,-4.8716630799999621],[105.84216557500008,-4.8718076709999423],[105.84246973800003,-4.8728561389999641],[105.84255083700003,-4.8731160769999633],[105.84263022500005,-4.8733765459999745],[105.84271740400004,-4.8736571349999736],[105.84277040300009,-4.873824519999971],[105.84281864200005,-4.8739933459999634],[105.84291493800004,-4.8743225009999378],[105.84298442200009,-4.8745545679999509],[105.84306682200008,-4.8748246609999342],[105.84308838300007,-4.8748940399999583],[105.84323148700008,-4.8753408949999653],[105.84327457500007,-4.8754715509999755],[105.84331207500009,-4.8756039309999437],[105.84372860400003,-4.8769418849999511],[105.84382974500005,-4.8772340559999634],[105.84391359800009,-4.8774719059999256],[105.84392069600005,-4.8774939039999481],[105.84395324300004,-4.8775978979999763],[105.84401817500009,-4.8778167859999257],[105.84434131200004,-4.8788326309999661],[105.84440623500006,-4.8790214039999569],[105.84446302700007,-4.87918458799993],[105.84447653200004,-4.8792273799999748],[105.84454695800008,-4.8794580649999375],[105.84467328100004,-4.8798606359999326],[105.84471956400006,-4.8800042259999259],[105.84485426600008,-4.8804111169999373],[105.84511643200005,-4.8811476679999259],[105.84516059600008,-4.8812663169999269],[105.84519903400007,-4.8813869549999254],[105.84534447800007,-4.8818302429999676],[105.84548450900007,-4.8822449919999258],[105.84550168100009,-4.8822956899999781],[105.84566010400005,-4.8827487189999488],[105.84590300200006,-4.8834241239999301],[105.84614298100007,-4.8840658999999391],[105.84621425800009,-4.8842494339999689],[105.84646001600004,-4.8849528959999589],[105.84663887800008,-4.885449345999973],[105.84677560600005,-4.8858176039999535],[105.84700742400008,-4.886419961999934],[105.84720088300008,-4.8869053749999694],[105.84754067700004,-4.8877825019999364],[105.84759324400005,-4.8879084479999619],[105.84771458500006,-4.8881971259999659],[105.84781922700006,-4.8884711969999444],[105.84810029800008,-4.8891775639999651],[105.84865642100004,-4.8905201929999293],[105.84877501000005,-4.8908327799999256],[105.84901656000005,-4.8914468979999697],[105.84916167800009,-4.8918030909999288],[105.84927651400005,-4.8921092089999547],[105.84961584200005,-4.8929690119999805],[105.84984162600006,-4.8934979099999509],[105.84994532800005,-4.89373388599995],[105.85004687200006,-4.8939708059999703],[105.85065273400005,-4.8952864229999591],[105.85117087700007,-4.8962843259999431],[105.85121486700007,-4.8963649219999752],[105.85125294600005,-4.8964484919999336],[105.85161011900004,-4.8972015289999717],[105.85244668800004,-4.8987665739999784],[105.85338352200006,-4.9002733869999702],[105.85441660900005,-4.901715514999978],[105.85445146000006,-4.9017585879999501],[105.85452389200009,-4.9018787329999327],[105.85473602700006,-4.9022247329999686],[105.85484385000007,-4.9023976829999469],[105.85485285500005,-4.9024135139999316],[105.85558778800004,-4.9036135939999781],[105.85578423700008,-4.9039164619999269],[105.85598614900005,-4.9042231889999357],[105.85604103600008,-4.9043038699999784],[105.85629280100005,-4.9047119069999781],[105.85662298800008,-4.9052336699999728],[105.85681112400005,-4.9055236129999571],[105.85701053600008,-4.9058264829999416],[105.85726848900003,-4.9062056509999366],[105.85734318400006,-4.9063134759999798],[105.85741289900005,-4.9064246069999626],[105.85783588900006,-4.9070778839999321],[105.85831557600005,-4.9077723219999712],[105.85845777000009,-4.907971477999979],[105.85859765100008,-4.9081722759999593],[105.85902599600007,-4.9087697369999432],[105.85923098300009,-4.9090476269999499],[105.85925952800005,-4.9090862509999624],[105.85936853000004,-4.9092334739999615],[105.85947366600004,-4.9093834979999542],[105.86016484900006,-4.9103259229999594],[105.86044969600005,-4.9106907769999566],[105.86166674200007,-4.9122225299999513],[105.86250684200007,-4.9132289259999311],[105.86257878100008,-4.9133106569999541],[105.86280755600006,-4.9135695199999532],[105.86335458600007,-4.9141701139999441],[105.86390638400007,-4.9147579979999705],[105.86439061800007,-4.9152607619999458],[105.86457242400007,-4.9154447229999505],[105.86475258000007,-4.9156303099999263],[105.86503109900008,-4.9159130489999256],[105.86504147000005,-4.9159234179999771],[105.86522956500005,-4.9161113839999757],[105.86541622100003,-4.9163007869999547],[105.86555188300008,-4.9164374699999485],[105.86684567400005,-4.9176497019999488],[105.86685420900005,-4.9176571859999285],[105.86722042300005,-4.9179781929999535],[105.86847059400009,-4.9190040809999687],[105.86860157800004,-4.9191789129999393],[105.86878796600007,-4.9194247699999778],[105.86899831300008,-4.919695418999936],[105.86915105000008,-4.919889401999967],[105.86930161800007,-4.9200850829999467],[105.86938411200003,-4.9201917439999647],[105.86954238600003,-4.9203953369999454],[105.87039622100008,-4.9214390369999705],[105.87045172500007,-4.9215035419999253],[105.87046775900006,-4.9215249059999451],[105.87049424800006,-4.9215895649999766],[105.87114528600006,-4.9230389079999668],[105.87129368300003,-4.9233449979999477],[105.87137545000007,-4.9235121939999544],[105.87157516600007,-4.9239088459999607],[105.87162304300006,-4.9240020309999295],[105.87166511900006,-4.9240979899999502],[105.87178164600004,-4.9243599789999735],[105.87188131200008,-4.9245809119999535],[105.87197830900004,-4.9248030359999575],[105.87207952500006,-4.9250319399999398],[105.87218798400005,-4.9252742059999264],[105.87224565200006,-4.9254057469999566],[105.87228922800006,-4.9255076199999621],[105.87236961100007,-4.9257009599999719],[105.87245070200004,-4.9258969539999384],[105.87253783500006,-4.9261158289999685],[105.87268197500003,-4.9264706029999275],[105.87268794900007,-4.9264842639999529],[105.87151075100007,-4.9273282139999424],[105.87135271500006,-4.9274489129999779],[105.87119209800005,-4.9275661329999707],[105.87061229400007,-4.928001295999934],[105.87020278900007,-4.9283236419999525],[105.87011495000007,-4.9283941659999755],[105.87005463400004,-4.9284365389999607],[105.86986489700007,-4.9285657269999774],[105.86957228200004,-4.9287677889999486],[105.86950360500003,-4.9288158819999808],[105.86943131100008,-4.9288583049999488],[105.86942214300007,-4.9288640679999389],[105.86882407500008,-4.9291963319999468],[105.86837546900006,-4.9294511919999309],[105.86752221800003,-4.9299680449999528],[105.86713121000008,-4.930214866999961],[105.86648213900008,-4.9306377099999281],[105.86565647600008,-4.9312310299999353],[105.86565529700005,-4.9312293569999497],[105.86559510500007,-4.931272025999931],[105.86553123700008,-4.9313089299999433],[105.86547876200007,-4.9313393289999681],[105.86397643100008,-4.9322790199999531],[105.86253858800006,-4.9333152449999602],[105.86117139200007,-4.9344435669999598],[105.85988069600006,-4.9356591549999393],[105.85954167600005,-4.9360062149999635],[105.85940652000005,-4.9361470769999301],[105.85853687200006,-4.9370976649999534],[105.85741540700008,-4.9384718179999254],[105.85688725200004,-4.939189393999925],[105.85685521000005,-4.9392265029999294],[105.85612676400007,-4.9401069759999245],[105.85590561400005,-4.9403860479999366],[105.85560040200005,-4.9407785339999464],[105.85520509800006,-4.9413099269999634],[105.85500216700007,-4.9415897889999769],[105.85469208400008,-4.9420264249999377],[105.85443425500006,-4.9423971769999753],[105.85411017500007,-4.9428739199999541],[105.85406614800007,-4.9429404009999303],[105.85387711200008,-4.9432267579999802],[105.85298808500005,-4.9446694849999631],[105.85289715300007,-4.9448291639999411],[105.85252451600007,-4.9454887089999602],[105.85229148500008,-4.9459098279999694],[105.85196360200007,-4.9465149509999264],[105.85169152300006,-4.9470302009999614],[105.85117546700008,-4.948033392999946],[105.85093886300007,-4.9485045239999295],[105.85083440600005,-4.9487200509999525],[105.85015518000006,-4.9501373799999442],[105.84984703900005,-4.950803293999968],[105.84938207500005,-4.9518447739999374],[105.84923870300008,-4.952171663999934],[105.84897342300007,-4.9527874699999757],[105.84894022300006,-4.952864869999928],[105.84876271200005,-4.9532804739999392],[105.84862605500007,-4.9536062709999555],[105.84818664700003,-4.9546732279999333],[105.84818380000007,-4.9546801419999724],[105.84807792400005,-4.9549412669999811],[105.84753938800009,-4.9562894879999249],[105.84745184900004,-4.9565114619999804],[105.84703705800007,-4.9575769389999778],[105.84687104800008,-4.9580144719999453],[105.84647457100004,-4.9590871609999567],[105.84635383400007,-4.9594204879999779],[105.84597251100007,-4.9604950579999354],[105.84583109100004,-4.9609038709999709],[105.84580446100006,-4.9609832869999764],[105.84520758200006,-4.9627723759999753],[105.84511418000005,-4.9630575689999432],[105.84495880200006,-4.963541007999936],[105.84489145100008,-4.9637399699999492],[105.84488004500008,-4.9637737379999294],[105.84451892000004,-4.9649295809999785],[105.84449406700008,-4.9650158289999808],[105.84447579400006,-4.9650659659999405],[105.84425626900008,-4.9656919439999569],[105.84374444000008,-4.9673919279999268],[105.84358311500006,-4.9680298249999737],[105.84357783800004,-4.9680518039999697],[105.84357140300006,-4.9680725529999563],[105.84326358300007,-4.969141972999978],[105.84317611500006,-4.9694797489999587],[105.84310663700006,-4.9697553189999439],[105.84306039700004,-4.9699352319999548],[105.84304199800005,-4.9700047279999353],[105.84299349000008,-4.9701679889999468],[105.84285603800004,-4.9706466099999602],[105.84244743500005,-4.9721201269999256],[105.84237119000005,-4.9724009079999405],[105.84226857800007,-4.9728013399999327],[105.84216238300007,-4.9731829389999689],[105.84207943500007,-4.9734878469999444],[105.84204781300008,-4.9736079129999666],[105.84197680600005,-4.9738800409999726],[105.84192247000004,-4.9740840319999506],[105.84184893400004,-4.9743544889999498],[105.84180887800005,-4.9745034769999279],[105.84178820600005,-4.974581718999957],[105.84140286000007,-4.9760489659999507],[105.84135516300006,-4.976233198999978],[105.84125975900008,-4.9766070879999802],[105.84098343900007,-4.9778017649999811],[105.84098031500008,-4.9778168089999326],[105.84097280500004,-4.977842533999933],[105.84079579800004,-4.978477355999928],[105.84072218700004,-4.9787603969999736],[105.84068257700005,-4.978916136999942],[105.84063781200007,-4.9790704679999749],[105.84047394700008,-4.9796601249999526],[105.84044434200007,-4.9797724649999395],[105.84038505600006,-4.9799993969999719],[105.84032268200008,-4.9802254939999671],[105.84025607100006,-4.9804714379999382],[105.84025096100004,-4.9804906899999537],[105.84016712000005,-4.9808070329999623],[105.84004009900008,-4.9813052649999463],[105.83977960900006,-4.9823689149999382],[105.83960996800005,-4.983130163999931],[105.83939371800005,-4.9840564919999792],[105.83920432400004,-4.9849327549999316],[105.83915064900003,-4.9852025429999571],[105.83906160000004,-4.985580466999977],[105.83899827800008,-4.985868714999981],[105.83893413500004,-4.9861567789999413],[105.83879690400005,-4.9868108399999755],[105.83859357500006,-4.9879757929999755],[105.83856866200006,-4.9881394549999527],[105.83853859500005,-4.9883022459999324],[105.83848485700008,-4.9886026109999762],[105.83829225400007,-4.9897151109999527],[105.83817305600007,-4.9904658619999509],[105.83813276700005,-4.9907447129999696],[105.83810013400006,-4.9909628619999467],[105.83807278900008,-4.9911402029999294],[105.83803317400009,-4.991377522999926],[105.83795568500005,-4.9918693919999555],[105.83792986700007,-4.9920436339999696],[105.83789915200003,-4.9922170749999282],[105.83787825600007,-4.9923366229999715],[105.83781692100007,-4.9926921959999504],[105.83778611500009,-4.9928744859999483],[105.83734849200005,-4.9955186409999328],[105.83723911300007,-4.9962393119999433],[105.83718906100006,-4.9966017459999534],[105.83716025700005,-4.9968166439999777],[105.83711460800004,-4.997197066999945],[105.83706422900008,-4.9975467829999616],[105.83704838800008,-4.9976623969999423],[105.83704508900007,-4.9976820519999592],[105.83697762800006,-4.9981676159999324],[105.83674490500005,-4.9996075929999506],[105.83644697900007,-5.0013712009999267],[105.83640438900005,-5.0016309569999748],[105.83636381100007,-5.0018861689999312],[105.83632093000006,-5.0021410009999272],[105.83628123300008,-5.0023836049999773],[105.83617331500005,-5.0030623489999471],[105.83612299100008,-5.0033918529999255],[105.83600521800008,-5.004195981999942],[105.83594500100008,-5.0046316599999727],[105.83590278900004,-5.0049732899999526],[105.83579977800008,-5.0058526499999516],[105.83577312200003,-5.0060513879999462],[105.83575155200003,-5.0061906719999456],[105.83565800200006,-5.0068475839999564],[105.83562332300005,-5.0071255549999591],[105.83559329600007,-5.0073767639999573],[105.83556074900008,-5.0076276589999793],[105.83548639200006,-5.0082584809999275],[105.83545960600009,-5.0085110449999775],[105.83541814400007,-5.0088058439999372],[105.83537996400008,-5.0090880079999351],[105.83534174900007,-5.0093957009999599],[105.83531177200007,-5.0096488499999623],[105.83527934600005,-5.0099016969999752],[105.83516213900003,-5.0109881369999698],[105.83513886300005,-5.0112538089999248],[105.83512490500004,-5.0114003869999806],[105.83511340100006,-5.0115108939999686],[105.83508680300008,-5.0117430699999659],[105.83503425400005,-5.0122440379999489],[105.83498823900004,-5.0126131399999281],[105.83498065600008,-5.0126745309999592],[105.83494967000007,-5.0129277659999616],[105.83491624400006,-5.0131806879999772],[105.83490870400004,-5.0132382189999589],[105.83486759900006,-5.0135704129999681],[105.83482664100006,-5.0139189939999369],[105.83476689100007,-5.0144771229999492],[105.83473110100005,-5.0148474979999378],[105.83470665100003,-5.0151142179999511],[105.83464077600007,-5.0158739579999292],[105.83459475900008,-5.0164843779999728],[105.83457264700007,-5.0168729599999438],[105.83456618700006,-5.0170028429999434],[105.83456049100005,-5.0170621129999518],[105.83445891600007,-5.0180644779999284],[105.83437596500005,-5.0190677389999792],[105.83437284900003,-5.0191170729999612],[105.83436308700004,-5.0192738689999601],[105.83434850400005,-5.0193983939999498],[105.83421953000004,-5.0208230689999596],[105.83419043400005,-5.0213602799999535],[105.83418937000005,-5.0213843119999524],[105.83413868900004,-5.0217456449999531],[105.83408835000006,-5.0220746939999685],[105.83406664300009,-5.0222008029999756],[105.83393542500005,-5.0230416009999317],[105.83391755900004,-5.0231691399999363],[105.83388758400008,-5.0233592039999735],[105.83381829200005,-5.0237366389999352],[105.83372102000004,-5.0242997029999401],[105.83363336100007,-5.0248409449999372],[105.83354223300006,-5.0253591129999791],[105.83328302500007,-5.0267971919999468],[105.83313249500009,-5.0277235839999435],[105.83312565600005,-5.0277707979999491],[105.83302303700003,-5.0283833229999573],[105.83298804300006,-5.0285728159999508],[105.83287482700007,-5.0292310139999472],[105.83282077500007,-5.0295701149999559],[105.83273054200004,-5.0301806789999546],[105.83272220200007,-5.0302419069999473],[105.83252534400003,-5.0314736059999632],[105.83244625800006,-5.0320016209999494],[105.83235347200008,-5.0326655109999479],[105.83231994600004,-5.0329137199999536],[105.83228712700009,-5.0331654189999426],[105.83225182400008,-5.0334167809999713],[105.83221437400005,-5.0336937349999289],[105.83212120500008,-5.0345056789999489],[105.83196881100008,-5.036036400999933],[105.83193751900006,-5.0363717519999796],[105.83187119400009,-5.0371334819999447],[105.83183557600006,-5.037586259999955],[105.83170081400004,-5.0395038439999666],[105.83168956800006,-5.0396712339999681],[105.83166418800005,-5.0401272089999338],[105.83166371800007,-5.040137146999939],[105.83163073000009,-5.0406039269999496],[105.83161872800008,-5.0407820409999431],[105.83160029000004,-5.0410986599999319],[105.83155374700004,-5.0419870709999373],[105.83150234000004,-5.042739213999937],[105.83145735400007,-5.0432932299999607],[105.83142378800005,-5.043755330999943],[105.83140384100005,-5.0441010589999564],[105.83138605700009,-5.0444476359999726],[105.83136544300004,-5.0447149629999331],[105.83134633900005,-5.044986496999968],[105.83132544300008,-5.0452578989999779],[105.83130084800007,-5.0456065939999348],[105.83129346300007,-5.0457259389999649],[105.83127046400006,-5.0461113649999447],[105.83121484500003,-5.0467820069999334],[105.83117333600006,-5.0476434539999673],[105.83116502200005,-5.0479007719999345],[105.83116241800008,-5.0479634679999776],[105.83114295200005,-5.0483117869999319],[105.83112916900006,-5.0485076749999394],[105.83111776100009,-5.0486773799999582],[105.83110144800008,-5.0489540199999396],[105.83108688600004,-5.0492243709999798],[105.83107047000004,-5.0494946139999684],[105.83106506500008,-5.0495861429999422],[105.83105009900004,-5.049847045999968],[105.83103291400005,-5.050107809999929],[105.83102971000005,-5.0501570929999389],[105.83100178600006,-5.0506680969999707],[105.83099062300005,-5.0509149349999802],[105.83097670900008,-5.0511616329999356],[105.83094472400006,-5.0519135119999419],[105.83092520400004,-5.0525937719999661],[105.83092168700006,-5.0527278519999754],[105.83091582100008,-5.0529746999999361],[105.83090719300009,-5.0532214669999576],[105.83089371200003,-5.0537592589999463],[105.83088821900009,-5.0541211829999497],[105.83088510700009,-5.05456884299997],[105.83088658600008,-5.0548199899999418],[105.83088699400008,-5.0548587689999636],[105.83087375100007,-5.0556139419999795],[105.83086959100007,-5.0561257119999254],[105.83088024900007,-5.0568533469999579],[105.83088323100009,-5.056959759999927],[105.83089538100006,-5.0581112889999531],[105.83089761200006,-5.0585213259999477],[105.83089670900006,-5.0585709809999457],[105.83089223700006,-5.0591002599999797],[105.83089308300003,-5.0592830359999539],[105.83089630400008,-5.0596859259999292],[105.83090068400008,-5.0600029219999669],[105.83091989800005,-5.060980939999979],[105.83092446500007,-5.061848768999937],[105.83092677600007,-5.0620197029999758],[105.83087001300004,-5.0622252929999263],[105.83047009000006,-5.0639552109999499],[105.83018385100007,-5.065707654999926],[105.83001252600008,-5.067475118999937],[105.83000575600005,-5.067584204999946],[105.82998693400003,-5.0678976519999424],[105.82994741000005,-5.0688133649999259],[105.82994727600004,-5.0688184469999555],[105.82992037700006,-5.0690974449999544],[105.82985048400008,-5.0699686379999775],[105.82984239300004,-5.0700998699999786],[105.82980276100005,-5.0707689649999566],[105.82976967600007,-5.0714889789999802],[105.82974294400009,-5.0723068499999613],[105.82972844400007,-5.0732305189999352],[105.82974035200004,-5.0740014469999437],[105.82977457500004,-5.0751567779999505],[105.82979492800007,-5.075676183999974],[105.82982754300008,-5.0763451429999691],[105.82983423300004,-5.076503129999935],[105.82984177900005,-5.0767481319999774],[105.82986033600008,-5.0772184689999449],[105.82987759100007,-5.0775770439999519],[105.82990637400007,-5.078078651999931],[105.82992964400006,-5.0783992469999362],[105.82995108200004,-5.078672256999937],[105.82997079300009,-5.0789453969999272],[105.83001520400006,-5.0794857589999651],[105.83003017200008,-5.079648051999925],[105.83003986500006,-5.0798107499999787],[105.83005193400004,-5.0800019699999552],[105.83007011800004,-5.0802567639999552],[105.83011966500004,-5.0809079599999336],[105.83016895800006,-5.081476850999934],[105.83019163200004,-5.08171004299993],[105.83020300300007,-5.0818819129999611],[105.83020388000006,-5.0818951209999454],[105.83021467900005,-5.0820504409999785],[105.83023354500006,-5.0823110219999421],[105.83024705900004,-5.0825227139999356],[105.83026291000004,-5.082785954999963],[105.83027395700009,-5.0829601309999362],[105.83030025600004,-5.0833189409999591],[105.83031159100005,-5.0834607139999548],[105.83031718000007,-5.0836028309999506],[105.83032255900008,-5.0837318009999422],[105.83033354900004,-5.0839810839999586],[105.83034187400006,-5.0842304709999553],[105.83038696800008,-5.0851323179999781],[105.83039417100008,-5.0852373309999734],[105.83041065000003,-5.0854709329999537],[105.83041304200003,-5.0855720489999499],[105.83046566800004,-5.0867379939999751],[105.83047046300004,-5.0868085439999504],[105.83048245200007,-5.0869816369999512],[105.83048941900006,-5.0871550069999785],[105.83051108700005,-5.0876023959999657],[105.83055610400004,-5.0883965479999347],[105.83056176100007,-5.0886173069999359],[105.83057949600004,-5.0891246229999751],[105.83059791800008,-5.0895404539999731],[105.83063149800006,-5.0901458119999461],[105.83063799700005,-5.0902407989999574],[105.83065783000006,-5.0905234449999739],[105.83066988200005,-5.090707694999935],[105.83069179100005,-5.0910846519999495],[105.83070618800008,-5.0913154009999744],[105.83073601100006,-5.0917178329999615],[105.83079098500008,-5.092391799999973],[105.83080991300005,-5.0926127309999742],[105.83085125300005,-5.0930731999999352],[105.83097602600009,-5.0941992219999293],[105.83102373500009,-5.094560822999938],[105.83108283000007,-5.0951715719999697],[105.83110440500008,-5.0953600179999512],[105.83110519000007,-5.0953788719999693],[105.83116037100007,-5.0960543849999453],[105.83117525000006,-5.0968931329999805],[105.83118488800005,-5.097174936999977],[105.83119312700006,-5.0974567869999419],[105.83124175900008,-5.0984714669999676],[105.83127334300008,-5.0988953609999612],[105.83128829900005,-5.0990769339999247],[105.83129846300005,-5.0992588399999477],[105.83131633700003,-5.0995505809999599],[105.83134927400005,-5.0999908469999582],[105.83137545300008,-5.1003063429999429],[105.83144228400005,-5.1010029359999294],[105.83146391200006,-5.1012014709999676],[105.83146552500006,-5.1012546499999303],[105.83147685300008,-5.1015684889999307],[105.83148964200007,-5.1018738549999512],[105.83152606500005,-5.1025451179999664],[105.83158692300009,-5.1032997249999426],[105.83159912300005,-5.1034285929999328],[105.83160533000006,-5.1035578889999442],[105.83161831500007,-5.1037844269999368],[105.83162092000003,-5.1039092019999543],[105.83161970800006,-5.104160037999975],[105.83161984600008,-5.1042181709999568],[105.83162078400005,-5.104492314999959],[105.83162000200008,-5.1047664579999719],[105.83161991500003,-5.1048790769999641],[105.83163963400006,-5.1058803629999261],[105.83164437900007,-5.1060048439999264],[105.83163989100007,-5.1061276079999516],[105.83163291000005,-5.1063416429999506],[105.83162343000004,-5.1066721649999636],[105.83161226800007,-5.1074873009999351],[105.83161395000008,-5.1076684419999765],[105.83159820400004,-5.1079381219999505],[105.83158498800009,-5.108186127999943],[105.83156906600004,-5.1084339739999791],[105.83156877700009,-5.108438476999936],[105.83151440600005,-5.1099113099999727],[105.83151174700004,-5.1101822759999322],[105.83150724100005,-5.1104532169999288],[105.83150557800008,-5.1105677159999345],[105.83150349300007,-5.110735520999981],[105.83149623800006,-5.1109031829999481],[105.83148107000005,-5.1113319909999291],[105.83147586700005,-5.1115212999999358],[105.83146606100007,-5.1117104249999556],[105.83142958300004,-5.1131544209999333],[105.83144981100008,-5.1141689189999511],[105.83145559400003,-5.114318720999961],[105.83145122400003,-5.1145700339999394],[105.83144713200005,-5.1150783159999378],[105.83147944400008,-5.1163693109999713],[105.83149248800004,-5.1166366379999317],[105.83149638000003,-5.1167306699999813],[105.83152438000008,-5.1177091639999617],[105.83157080400008,-5.1186997479999263],[105.83158845500009,-5.1189706709999427],[105.83159648500003,-5.1191081939999776],[105.83159836800007,-5.1191469949999373],[105.83160168500007,-5.1193195499999433],[105.83163322100006,-5.1202067399999578],[105.83167250400004,-5.1209637459999726],[105.83169620700005,-5.1213636179999753],[105.83175863500009,-5.122134697999968],[105.83179094700006,-5.1224737849999542],[105.83186597400004,-5.1231669529999522],[105.83188154400005,-5.1232954069999437],[105.83189113400005,-5.1234244469999339],[105.83191291300005,-5.1236987349999481],[105.83194337700007,-5.124059271999954],[105.83208291800008,-5.1253454329999499],[105.83210414300004,-5.125501983999925],[105.83213590300005,-5.1257312439999509],[105.83216438500006,-5.1259609359999558],[105.83217744400008,-5.1260627159999785],[105.83217754500004,-5.1260637429999747],[105.83217894000006,-5.1260809129999529],[105.83218034500004,-5.1261010909999527],[105.83218778300005,-5.1262787749999461],[105.83222424300004,-5.1269507869999416],[105.83227788200008,-5.1276278809999667],[105.83229885300005,-5.1278563369999688],[105.83230334300004,-5.1279109819999462],[105.83231376600008,-5.1280956009999272],[105.83233078000006,-5.1283719999999562],[105.83234690500007,-5.128599491999978],[105.83237416900005,-5.1289625479999472],[105.83244730200005,-5.1297736459999328],[105.83246496700008,-5.1299414419999607],[105.83247750200007,-5.1301097019999702],[105.83249163600004,-5.1302912169999786],[105.83250241200005,-5.1304238699999587],[105.83250725900007,-5.1305568729999322],[105.83252617000005,-5.13098367799995],[105.83253925100007,-5.1312343819999455],[105.83254972300006,-5.1314852079999582],[105.83258631200005,-5.1321602519999487],[105.83263309900008,-5.132761511999945],[105.83265413100008,-5.1329978869999309],[105.83267055500005,-5.1332145719999289],[105.83272370600008,-5.1339296949999493],[105.83278917400008,-5.1346726239999612],[105.83280403900005,-5.1348184299999389],[105.83281326000008,-5.1349647039999695],[105.83281962600006,-5.1350628529999653],[105.83299551900006,-5.1368298619999564],[105.83305834300006,-5.1372752709999645],[105.83320284400008,-5.1382418859999461],[105.83322806400008,-5.1384773529999279],[105.83330951700003,-5.1391570039999692],[105.83342397100006,-5.1399337859999719],[105.83355984100007,-5.1407718659999659],[105.83386340300007,-5.1428586309999673],[105.83409699200007,-5.1442205679999802],[105.83411660600007,-5.1443197399999576],[105.83412982100003,-5.1444199699999444],[105.83413256900008,-5.1444407529999694],[105.83414514400005,-5.1445343159999766],[105.83418438800004,-5.1448225209999805],[105.83419688100008,-5.1449223899999765],[105.83422506400007,-5.1451694209999346],[105.83427387100005,-5.1455707349999784],[105.83431292200004,-5.145873068999947],[105.83435080500004,-5.1461695299999519],[105.83441984400008,-5.1467116919999398],[105.83444047700004,-5.1468792779999717],[105.83446452900006,-5.1471033559999455],[105.83454533800005,-5.1477769649999345],[105.83456335400007,-5.1479102629999716],[105.83458095800006,-5.1480381369999577],[105.83459215200008,-5.1481624119999765],[105.83471365800006,-5.1492610969999646],[105.83474735500005,-5.1495179149999331],[105.83477875700004,-5.1497750249999399],[105.83481427400005,-5.1500538499999493],[105.83481903900008,-5.1500895869999681],[105.83488337500006,-5.1505697629999645],[105.83491291100006,-5.1508426079999481],[105.83494515500007,-5.1511265339999568],[105.83496324200007,-5.1512786649999498],[105.83496993700004,-5.1513902909999274],[105.83498142900004,-5.1515717659999609],[105.83499755400004,-5.1517992139999365],[105.83501697100007,-5.1520577439999329],[105.83501695500007,-5.152131016999931],[105.83501764700009,-5.1522927949999371],[105.83502072700009,-5.1527174829999467],[105.83503941600009,-5.1535475799999517],[105.83504583300004,-5.1537173939999548],[105.83504713100007,-5.1538873239999248],[105.83509103500006,-5.1550697969999533],[105.83503670000005,-5.1556621979999591],[105.83497863200006,-5.1564078459999791],[105.83495799900004,-5.1567671609999479],[105.83494457300009,-5.1570315359999768],[105.83492905400004,-5.157295794999925],[105.83488858500004,-5.1583043419999512],[105.83488488700004,-5.1584759509999571],[105.83487884700008,-5.1585939589999725],[105.83487067600004,-5.1587421949999452],[105.83485532400005,-5.1589435529999719],[105.83483224700007,-5.1592725169999767],[105.83483199700004,-5.1592764299999772],[105.83480768300007,-5.1596568309999498],[105.83478508800005,-5.1600565329999313],[105.83477713900004,-5.1602182419999281],[105.83476388600008,-5.1603796009999314],[105.83472823200009,-5.1608673979999367],[105.83470844900006,-5.1612254829999529],[105.83469484000005,-5.1613271479999412],[105.83452354500008,-5.1630946099999733],[105.83449851400007,-5.1635434319999263],[105.83449117500004,-5.1636979859999315],[105.83448048100007,-5.1637950039999509],[105.83440818700007,-5.1645464629999651],[105.83438012300007,-5.1648877899999661],[105.83434428100009,-5.1653778709999756],[105.83431446700007,-5.1659317129999636],[105.83430115800007,-5.1662368729999457],[105.83430082900009,-5.1662444339999638],[105.83429476100008,-5.1663844629999289],[105.83428290700004,-5.1665241209999522],[105.83424108200006,-5.1670858119999252],[105.83421647000006,-5.1675258579999763],[105.83421372600009,-5.1675832559999435],[105.83421323600004,-5.1675921349999498],[105.83420412900006,-5.167666932999964],[105.83417343200006,-5.1678899489999708],[105.83414625900008,-5.1680930119999289],[105.83407751300007,-5.1686700509999355],[105.83405927500007,-5.1688384319999727],[105.83395672500006,-5.1700288549999414],[105.83390382500005,-5.1713811209999676],[105.83390109900006,-5.1715727649999508],[105.83389836900005,-5.1719954099999654],[105.83394274100004,-5.1734354759999519],[105.83394200700008,-5.1734548389999304],[105.83393361100008,-5.1737073749999354],[105.83392830900004,-5.1738927929999363],[105.83391829600004,-5.1740780139999742],[105.83391356500005,-5.1741683209999678],[105.83390659900004,-5.1743056429999683],[105.83387326100006,-5.1753889189999427],[105.83386742200008,-5.1759273789999725],[105.83386384900007,-5.1761539959999254],[105.83386028500007,-5.1763428999999519],[105.83384794300008,-5.1768075529999464],[105.83384055900007,-5.1771833129999436],[105.83383794600007,-5.1773884159999284],[105.83383118100005,-5.1775934219999726],[105.83382382700006,-5.177854287999935],[105.83381792600005,-5.1781065399999306],[105.83381398700004,-5.1782238849999658],[105.83380312300005,-5.1784736389999466],[105.83377744200004,-5.1796916419999661],[105.83377998400005,-5.180029587999968],[105.83378196000007,-5.1801734639999495],[105.83378344500005,-5.1802556139999751],[105.83376088400007,-5.1805418849999683],[105.83372633300007,-5.1812098749999791],[105.83371417000006,-5.1815185389999669],[105.83370177600005,-5.1818271939999363],[105.83368756000004,-5.1822719559999655],[105.83368477400006,-5.1823890819999292],[105.83368374200006,-5.1824245209999731],[105.83367422400005,-5.1825323059999278],[105.83363732300006,-5.1829952349999644],[105.83359697800006,-5.183562449999954],[105.83358406800005,-5.1837534419999542],[105.83354248100005,-5.1846180709999317],[105.83353675800004,-5.1847959869999727],[105.83352384700004,-5.1854204329999334],[105.83351707300005,-5.1861571529999537],[105.83351594600003,-5.1864429879999534],[105.83352712400006,-5.1871879279999575],[105.83354522100007,-5.1878183479999507],[105.83359250900008,-5.1888207239999247],[105.83361042100006,-5.1890934379999294],[105.83359253500004,-5.1894444919999501],[105.83357293900008,-5.1899406339999246],[105.83355174200005,-5.1910140449999744],[105.83355173700005,-5.1914629959999274],[105.83355176100008,-5.1914990269999635],[105.83359260200007,-5.1929538889999662],[105.83362093300008,-5.1934701929999392],[105.83362113800007,-5.1934745629999384],[105.83362001200004,-5.1935854259999701],[105.83361862900006,-5.1938977309999359],[105.83362090100007,-5.1942153629999552],[105.83362553800004,-5.1945723679999674],[105.83365293300005,-5.1954896519999352],[105.83367805400007,-5.1960269289999701],[105.83370867500008,-5.1965667699999472],[105.83386238500009,-5.1981105129999605],[105.83386768300005,-5.1983125389999714],[105.83387259700004,-5.1985410209999259],[105.83387772200007,-5.1988215829999262],[105.83388158100007,-5.1990436369999316],[105.83388243500008,-5.1992777789999423],[105.83388492400007,-5.1995597459999772],[105.83389544000005,-5.2003101749999701],[105.83391364400006,-5.2009945339999604],[105.83392103800008,-5.2011831789999405],[105.83395197700008,-5.2017958879999355],[105.83396935600007,-5.2020770779999452],[105.83398159400008,-5.2022926049999683],[105.83398705100007,-5.2023977039999636],[105.83399083600005,-5.2025687589999734],[105.83404449600005,-5.2037776189999363],[105.83406007000008,-5.2039976599999704],[105.83407589300003,-5.2042090709999798],[105.83408778500007,-5.204420741999968],[105.83409504300005,-5.2045448469999656],[105.83410408500004,-5.2046936519999463],[105.83410752400005,-5.2048426929999323],[105.83415370900008,-5.2059192929999654],[105.83417211300008,-5.2062125419999461],[105.83417817100008,-5.2063133629999356],[105.83418055700008,-5.2064506899999401],[105.83419918100009,-5.2070899069999541],[105.83420841100008,-5.2073155639999413],[105.83424600000006,-5.2080143369999519],[105.83430628900004,-5.2087625829999524],[105.83431188000009,-5.2088217459999555],[105.83431246700007,-5.2088618049999695],[105.83433700800003,-5.2096852969999645],[105.83434559800008,-5.2098763289999397],[105.83437845600008,-5.2104648899999688],[105.83442143100007,-5.2110227119999308],[105.83443473400007,-5.211174931999949],[105.83446142700006,-5.211462729999937],[105.83447628600004,-5.2116141889999312],[105.83448562300003,-5.2117660889999797],[105.83448958500009,-5.2118293419999304],[105.83450016200004,-5.2119951069999502],[105.83450552900007,-5.2121611239999766],[105.83454330600006,-5.212963019999961],[105.83458650800009,-5.2136608679999767],[105.83459484700006,-5.2137905489999525],[105.83459870300004,-5.2138474499999461],[105.83460497600004,-5.213938609999957],[105.83460486500007,-5.2139677939999274],[105.83460200900004,-5.2143095529999641],[105.83459891300004,-5.2144002719999776],[105.83458556200009,-5.2149610389999452],[105.83458318400005,-5.2151372349999292],[105.83457584600006,-5.2153132939999409],[105.83456240100008,-5.2157030559999384],[105.83453456700005,-5.2167217379999329],[105.83452597000007,-5.217174178999926],[105.83452319100007,-5.2174343339999609],[105.83452166200004,-5.2177608789999681],[105.83452422500005,-5.2181000589999371],[105.83453141100006,-5.2186211249999701],[105.83453476300008,-5.2197617259999447],[105.83459497300004,-5.2214924619999579],[105.83472293800008,-5.2227774949999457],[105.83471770300008,-5.2227780639999537],[105.83472955800005,-5.2228876449999575],[105.83473144300007,-5.2229251749999435],[105.83473787500009,-5.2230685459999791],[105.83473844900004,-5.2231993499999589],[105.83479851700008,-5.224890825999978],[105.83481305100008,-5.2250969019999616],[105.83482897100004,-5.2253110549999633],[105.83490181600007,-5.2261252619999254],[105.83493242200007,-5.2264177559999325],[105.83493882000005,-5.2264782479999781],[105.83495347400009,-5.2266153259999442],[105.83495822100008,-5.2266892989999292],[105.83496666500008,-5.2268312729999593],[105.83497159100006,-5.2270329559999595],[105.83500750500008,-5.2279157429999259],[105.83502244100004,-5.2281779549999783],[105.83503874700006,-5.2284416679999595],[105.83514413000006,-5.2296289939999383],[105.83515686400006,-5.2297438359999546],[105.83516336100007,-5.2298592009999538],[105.83518065100009,-5.2301402699999358],[105.83523454100003,-5.2308197689999361],[105.83532654000004,-5.2318205349999403],[105.83538705900008,-5.2324075609999454],[105.83540334100007,-5.2331601999999293],[105.83544314600005,-5.234156076999966],[105.83546508600006,-5.2345321629999262],[105.83547925300007,-5.2347587579999413],[105.83552896600008,-5.2353923739999573],[105.83556160300009,-5.2357541199999673],[105.83568786300003,-5.2368875009999556],[105.83587578300006,-5.2380951039999673],[105.83588306800004,-5.2381358669999258],[105.83588873400004,-5.2381862579999279],[105.83593209000009,-5.2385498189999566],[105.83594220500004,-5.2386300399999755],[105.83594352200004,-5.2386614689999647],[105.83597556200004,-5.2394985509999401],[105.83597831300006,-5.2396505669999556],[105.83600138600008,-5.2403818719999435],[105.83606766300005,-5.2418540099999404],[105.83610047900004,-5.2424414459999298],[105.83612693000003,-5.2428018429999383],[105.83613944300004,-5.2429581149999649],[105.83614653000006,-5.2431147279999664],[105.83614830200008,-5.2431532849999485],[105.83617404900008,-5.2437048879999679],[105.83620480800005,-5.24424745999994],[105.83624698400007,-5.2447960239999247],[105.83628689900007,-5.245254473999978],[105.83628747300008,-5.2452610639999762],[105.83630880600003,-5.2455053949999524],[105.83631505200009,-5.2455878849999635],[105.83633036000003,-5.2458281339999644],[105.83633565600007,-5.2459093599999278],[105.83651163900004,-5.2476763559999426],[105.83652263300007,-5.2477582549999511],[105.83655514100008,-5.2479976789999796],[105.83656277700004,-5.2480543309999348],[105.83656295400004,-5.2480591889999459],[105.83658016700008,-5.2486046079999369],[105.83658329400004,-5.2488046869999607],[105.83659076500004,-5.2490842109999676],[105.83643128000006,-5.2501305319999574],[105.83633296800008,-5.2509948519999625],[105.83633035500009,-5.2510216329999366],[105.83632086000006,-5.2510468009999727],[105.83618696500008,-5.251409515999967],[105.83616288900004,-5.2514761929999736],[105.83610943800005,-5.2515873369999326],[105.83568553600008,-5.2525127769999358],[105.83561721800004,-5.2526696189999598],[105.83555236700005,-5.2527983999999606],[105.83542340900004,-5.2530579149999426],[105.83533926800004,-5.253231082999946],[105.83527758700006,-5.2533591779999256],[105.83523301100007,-5.2533912899999677],[105.83386517400004,-5.2545196629999396],[105.83370743400008,-5.2546598039999708],[105.83366342500005,-5.2546992109999451],[105.83252986900004,-5.2557747069999436],[105.83226289100008,-5.2560468529999298],[105.83219655800008,-5.25611542799993],[105.83213080300004,-5.2561746399999265],[105.83200464900005,-5.2562881229999334],[105.83113040600006,-5.2571194889999333],[105.83011930900005,-5.2575889419999271],[105.82985768200007,-5.2577204809999785],[105.82937374300008,-5.2579670829999259],[105.82807420000006,-5.2586747189999414],[105.82699046600004,-5.2593383679999306],[105.82677250700004,-5.2594789819999619],[105.82635315900006,-5.2597550619999538],[105.82578125300006,-5.2601499779999585],[105.82539867800006,-5.2604214729999512],[105.82453202500005,-5.2610628179999708],[105.82402853300005,-5.26146076699996],[105.82386150300005,-5.2615960299999642],[105.82339407300009,-5.2619833129999734],[105.82335441000004,-5.2620169309999483],[105.82331299100008,-5.2620479809999665],[105.82301760500008,-5.2622726019999391],[105.82243686700008,-5.2627333389999649],[105.82223198900004,-5.2629005009999332],[105.82144484700007,-5.2635681169999771],[105.82015350700004,-5.2647837339999342],[105.81987975700008,-5.2650628699999515],[105.81969108400006,-5.2652580509999325],[105.81875556600005,-5.2662765899999613],[105.81840501600004,-5.2666865079999639],[105.81828835500005,-5.2668257049999738],[105.81816805000005,-5.2669617479999715],[105.81804902900006,-5.2670972429999665],[105.81750427200006,-5.2677415419999534],[105.81746365900005,-5.2677911199999699],[105.81718381900004,-5.2681389539999373],[105.81671616800008,-5.2686603789999253],[105.81670065900005,-5.2686781689999407],[105.81650727200008,-5.2689001939999685],[105.81565987800008,-5.2699225739999633],[105.81557034100007,-5.270036146999928],[105.81547640000008,-5.2701460879999331],[105.81453799300004,-5.2713076019999789],[105.81350801800005,-5.2727523959999303],[105.81268137700005,-5.2740771939999718],[105.81253143100008,-5.274333636999927],[105.81239799800005,-5.2745605229999342],[105.81224691600005,-5.2748159589999659],[105.81207093800003,-5.2751179039999556],[105.81123789200007,-5.2766850999999519],[105.81089881000008,-5.2774029689999793],[105.81080362300008,-5.2776123579999421],[105.81041369000008,-5.2785129449999317],[105.81038863900005,-5.278574004999939],[105.81028213000008,-5.2788345059999529],[105.81017431000004,-5.279094463999968],[105.81014716600004,-5.2791601529999639],[105.80996495600004,-5.2796473629999809],[105.80992041900004,-5.2796994739999263],[105.80898022300005,-5.2808630499999367],[105.80836651300007,-5.2816996309999809],[105.80814521500008,-5.2820137129999694],[105.80772892200008,-5.28262191999994],[105.80742630500004,-5.2831111529999362],[105.80737612500008,-5.2831804469999497],[105.80712627200006,-5.2835444969999799],[105.80690083600007,-5.2838782499999297],[105.80669790400003,-5.2841881109999349],[105.80655512900006,-5.2844093969999335],[105.80582452100003,-5.285608755999931],[105.80499144700008,-5.2871759479999696],[105.80475384100004,-5.2876731989999257],[105.80462610500007,-5.2879476389999809],[105.80460239500007,-5.2879955929999483],[105.80456311300009,-5.2880753729999697],[105.80386247800004,-5.2896250949999626],[105.80379691200005,-5.2897831169999563],[105.80372667500006,-5.2899391079999418],[105.80358898600008,-5.2902524679999487],[105.80334733400008,-5.2906626599999527],[105.80291128300007,-5.2914520669999661],[105.80260431500005,-5.2920302669999728],[105.80220728000006,-5.2928080499999623],[105.80147822800006,-5.2944265019999648],[105.80131902700003,-5.2948219569999537],[105.80114768700008,-5.2952573939999752],[105.80078134700005,-5.296244053999942],[105.80077193900007,-5.296270978999928],[105.80054871700008,-5.2967773169999646],[105.80039183000008,-5.2970442929999422],[105.79955873000006,-5.2986114809999663],[105.79882966600007,-5.300229930999933],[105.79864814300004,-5.3006822939999552],[105.79846083300004,-5.3011614699999541],[105.79802045000008,-5.3023718869999357],[105.79764671100008,-5.3035709939999265],[105.79761882200006,-5.3036683319999725],[105.79759120600005,-5.3037456359999737],[105.79750896800005,-5.3039748159999363],[105.79733677300004,-5.3044696469999622],[105.79697334100007,-5.3056328629999712],[105.79692049300007,-5.3058163619999732],[105.79686406700006,-5.3059960209999417],[105.79681051100005,-5.3061664249999581],[105.79675158000003,-5.3063378309999507],[105.79669979400006,-5.3064899099999252],[105.79618770500008,-5.3081899009999347],[105.79580677400008,-5.3098236319999614],[105.79574490700008,-5.3101316399999519],[105.79572576700008,-5.3102278319999527],[105.79555687600003,-5.3112185519999571],[105.79541426200007,-5.3117166679999741],[105.79501418800004,-5.3134465909999449],[105.79500516500008,-5.3134931519999782],[105.79486129600008,-5.3140075499999284],[105.79456870700005,-5.3152188329999603],[105.79453300900008,-5.3153830139999627],[105.79442552100005,-5.315901652999969],[105.79417170600004,-5.3174124209999718],[105.79415745800009,-5.3175148059999628],[105.79413975900007,-5.3176017949999732],[105.79411237000005,-5.3177356639999402],[105.79410948100008,-5.3177489399999445],[105.79406592300006,-5.3179266119999511],[105.79379720100007,-5.3191424729999426],[105.79352991200005,-5.3207513539999809],[105.79343708300007,-5.3214366399999449],[105.79341802400006,-5.3215802049999752],[105.79332906000008,-5.3223499229999334],[105.79326478500008,-5.3229852409999694],[105.79318236300008,-5.3239829899999336],[105.79317196400007,-5.3241536079999605],[105.79316060600007,-5.3243501249999667],[105.79315601500008,-5.3243986379999342],[105.79288320400008,-5.3256169889999683],[105.79275931200004,-5.3262900319999744],[105.79275225800006,-5.3263312589999714],[105.79275156200003,-5.3263338949999479],[105.79264566700004,-5.3267309349999437],[105.79264070900007,-5.3267495489999419],[105.79224062300005,-5.3284794709999801],[105.79222532000006,-5.3285577079999484],[105.79213250000004,-5.3290359789999684],[105.79191917700007,-5.3302917299999422],[105.79187109100008,-5.3306213799999682],[105.79184745200007,-5.330782342999953],[105.79181699600008,-5.3309555009999485],[105.79169967200005,-5.3316796939999449],[105.79164254800008,-5.3320651659999498],[105.79157583400007,-5.3325447529999792],[105.79151521100005,-5.3330474749999439],[105.79145094000006,-5.3336256839999692],[105.79142084800009,-5.3339100189999726],[105.79139468900007,-5.3341702499999428],[105.79136632400008,-5.3344302499999685],[105.79130605100005,-5.3350480419999258],[105.79128957700004,-5.3352394799999274],[105.79126859400009,-5.335430472999974],[105.79118615400006,-5.3363131519999456],[105.79116502800008,-5.336587594999969],[105.79114223000005,-5.3368619029999422],[105.79110449600006,-5.3373745939999253],[105.79109441200006,-5.3375493669999514],[105.79106952400008,-5.3376737189999517],[105.79078316800008,-5.3394261659999529],[105.79062148900005,-5.3410482219999267],[105.79058577500007,-5.341562185999976],[105.79057606200007,-5.3417075969999246],[105.79053654900008,-5.3425089609999645],[105.79052940000008,-5.342715974999976],[105.79051322000004,-5.3436895289999597],[105.79052570700009,-5.3444505559999698],[105.79051882900006,-5.3445486899999537],[105.79046313600008,-5.3463236079999774],[105.79048664200008,-5.3474197929999718],[105.79050090300007,-5.3477624399999399],[105.79053764300005,-5.3484410219999745],[105.79067562600005,-5.3499093199999379],[105.79068031800006,-5.3499479679999808],[105.79067793700005,-5.3499868289999313],[105.79062708400005,-5.3516845759999683],[105.79065506500007,-5.3528835699999604],[105.79066219700007,-5.3530406159999302],[105.79069446500006,-5.3536163899999565],[105.79087039700005,-5.3553834089999555],[105.79116125900003,-5.3571351099999447],[105.79156580700004,-5.3588639929999431],[105.79160860300004,-5.3590213699999367],[105.79163179400007,-5.3591056499999468],[105.79164848700009,-5.3591914609999662],[105.79167513800007,-5.3593266289999519],[105.79207968900005,-5.3610555109999609],[105.79223606400006,-5.3615755139999806],[105.79202818100003,-5.3628477299999417],[105.79199960500006,-5.3630749469999728],[105.79197817200009,-5.363251365999929],[105.79188264000004,-5.3641668769999455],[105.79185240200007,-5.3645133649999366],[105.79183871800007,-5.3646757869999533],[105.79180061500006,-5.3651448279999272],[105.79178352100007,-5.3653308479999282],[105.79172511100006,-5.366079860999946],[105.79166943000007,-5.3678547769999341],[105.79167319800007,-5.3682738259999496],[105.79167711100007,-5.3685081039999432],[105.79168279800007,-5.3687719639999614],[105.79168682800008,-5.3689245579999465],[105.79168532600005,-5.3690771979999568],[105.79168404200004,-5.3693030909999493],[105.79168306200006,-5.3699426209999501],[105.79168305200005,-5.3700193869999566],[105.79174331400009,-5.3717941529999393],[105.79190745100004,-5.3734425559999295],[105.79193149200006,-5.3743096149999587],[105.79193420600006,-5.3743706339999449],[105.79196762600009,-5.3749719109999319],[105.79200330300006,-5.3754447359999631],[105.79201495800004,-5.3755831139999373],[105.79202079900006,-5.3757218609999313],[105.79202616900005,-5.3758429709999405],[105.79203581300004,-5.3760501019999651],[105.79203816800003,-5.3762487199999782],[105.79209654500005,-5.3777362159999598],[105.79214472400008,-5.3783528869999486],[105.79215563200006,-5.3784746569999697],[105.79216040800009,-5.3785968219999631],[105.79219992900005,-5.3793440659999305],[105.79222221900005,-5.3796519399999738],[105.79222303400007,-5.3796623739999632],[105.79226948000007,-5.3801906399999666],[105.79227908400009,-5.3802888849999704],[105.79228357100004,-5.380387222999957],[105.79231559900006,-5.3809575779999363],[105.79232620800008,-5.3811101699999426],[105.79237176400005,-5.38173984499997],[105.79240624400006,-5.3821691729999657],[105.79242545100004,-5.3823867279999718],[105.79244093100004,-5.3826045819999422],[105.79254847200008,-5.3837654619999284],[105.79255429100004,-5.3838163679999411],[105.79255987100004,-5.3838647999999694],[105.79259215000008,-5.3841427839999483],[105.79262054600008,-5.3843992139999273],[105.79259643600005,-5.3853665509999473],[105.79259687500007,-5.3857054649999441],[105.79264138000008,-5.3870906899999795],[105.79261304600004,-5.3883405029999381],[105.79267331900007,-5.3901152669999419],[105.79284928300007,-5.3918822799999475],[105.79307017900004,-5.3932708009999715],[105.79308566500004,-5.3933541879999325],[105.79309424200005,-5.3934359489999792],[105.79311804100007,-5.3936632549999786],[105.79313341700004,-5.393833681999979],[105.79316565200008,-5.3942095369999379],[105.79317295900006,-5.3944246869999688],[105.79319279400005,-5.3947008699999515],[105.79320244000007,-5.3948262459999796],[105.79330362100006,-5.3958751949999737],[105.79332788000005,-5.3960842309999748],[105.79334817200004,-5.3962936929999614],[105.79335618400006,-5.3963751119999301],[105.79342753300006,-5.3970892139999478],[105.79349247400006,-5.3977977629999714],[105.79352380200004,-5.3980661639999425],[105.79353618100004,-5.3981790279999586],[105.79355043500004,-5.3983586479999417],[105.79370147500003,-5.399784269999941],[105.79373327000008,-5.4000162269999805],[105.79376335500007,-5.4002289149999569],[105.79378649900008,-5.4004158939999343],[105.79381418100007,-5.400746880999975],[105.79383821900007,-5.4010179639999478],[105.79389622700006,-5.4016369279999594],[105.79395704900008,-5.4023594859999662],[105.79398751500008,-5.4026590759999635],[105.79403179700006,-5.4038446009999461],[105.79404146500008,-5.4039841169999363],[105.79405556900008,-5.4041803639999557],[105.79406528200008,-5.4043768789999262],[105.79409243100008,-5.4048444479999489],[105.79411903900007,-5.4051464509999505],[105.79411535300005,-5.4051872429999435],[105.79410625700007,-5.4052912619999347],[105.79405855500005,-5.4059209239999291],[105.79401599600004,-5.4068155289999709],[105.79400270600007,-5.4072431359999769],[105.79398960300006,-5.4081234449999442],[105.79398973700006,-5.4081804399999669],[105.79399701500006,-5.4103213749999668],[105.79401062400007,-5.4110941329999491],[105.79401727300007,-5.4113030149999304],[105.79401988700005,-5.4115119869999262],[105.79403620400007,-5.4121732259999362],[105.79405548400007,-5.4126964619999285],[105.79407204400007,-5.4130744269999695],[105.79412569300007,-5.4141307819999724],[105.79415100200004,-5.4145615979999775],[105.79422430800008,-5.4154439319999597],[105.79425496200008,-5.4157520169999316],[105.79427765900004,-5.4159816249999722],[105.79428453000008,-5.416055513999936],[105.79428889200005,-5.4161823959999538],[105.79433315200004,-5.4170582899999431],[105.79435268600008,-5.4173305299999583],[105.79436054100006,-5.4174328049999758],[105.79436193600009,-5.4175353729999642],[105.79441974000008,-5.4189759449999428],[105.79442862200005,-5.4191045049999502],[105.79446179200005,-5.4195685739999249],[105.79449945600004,-5.4201104939999709],[105.79450477100005,-5.4201888049999525],[105.79450509500003,-5.4202894609999248],[105.79452425100004,-5.4212262529999293],[105.79453851100004,-5.4216045899999585],[105.79457953300005,-5.4223905729999728],[105.79462303400004,-5.4229543089999765],[105.79464507300008,-5.4232058099999563],[105.79464731900003,-5.4232348139999544],[105.79465090900004,-5.4233610129999761],[105.79467175200006,-5.4241334769999412],[105.79470785300003,-5.4249043599999709],[105.79457455800008,-5.4262791439999774],[105.79451890500007,-5.4280540569999403],[105.79457920500005,-5.4298288169999296],[105.79458807400005,-5.4299571789999277],[105.79458880400006,-5.4299673879999659],[105.79458590100006,-5.4300065689999428],[105.79456724100004,-5.4302766649999512],[105.79451771700008,-5.4314375219999533],[105.79451531500007,-5.4315504339999734],[105.79450661600004,-5.4316630349999286],[105.79448150100006,-5.4320184379999432],[105.79444082800006,-5.4328545159999635],[105.79443414200006,-5.4330557409999756],[105.79442319300006,-5.4332567809999546],[105.79438297500008,-5.4347713139999314],[105.79438362500008,-5.4349271009999711],[105.79438459700003,-5.4350652499999796],[105.79438304500007,-5.4351092929999254],[105.79437480100006,-5.4353046949999566],[105.79436151300007,-5.4355940469999382],[105.79433291100008,-5.4368771489999403],[105.79438937500004,-5.4385933929999624],[105.79440040700007,-5.4387642919999735],[105.79440635600008,-5.4389354439999806],[105.79445027200006,-5.4398011969999516],[105.79446954400004,-5.4400489819999507],[105.79448265500008,-5.440335063999953],[105.79449728100008,-5.4406212409999739],[105.79450536900003,-5.4407646719999434],[105.79450773400004,-5.4409083129999658],[105.79453785200008,-5.4418161469999404],[105.79454991300008,-5.4420578269999282],[105.79455903600007,-5.4422996349999266],[105.79460003500009,-5.4430848839999726],[105.79474640900008,-5.4446210279999718],[105.79478430300009,-5.4449266049999778],[105.79482192400008,-5.4452322159999653],[105.79485453800004,-5.4454872129999785],[105.79493421700005,-5.4460434779999787],[105.79500558100005,-5.4465074799999798],[105.79503633400009,-5.4467027119999329],[105.79507201800004,-5.4469240029999355],[105.79512724900007,-5.4472536179999338],[105.79514126600009,-5.4473342219999381],[105.79514859600005,-5.4474157109999624],[105.79526626200004,-5.4484730709999667],[105.79525669900005,-5.4489366389999532],[105.79531701300004,-5.4507113969999637],[105.79533669100005,-5.4509854519999408],[105.79535571600007,-5.4512329179999597],[105.79538744500007,-5.4516110609999373],[105.79539417400008,-5.451685065999925],[105.79539403700005,-5.4517166139999631],[105.79538893500006,-5.4519195429999741],[105.79538036700006,-5.4526388499999712],[105.79539448100007,-5.4534798149999801],[105.79540189700003,-5.4537097219999282],[105.79540595700007,-5.4539397129999543],[105.79546206000003,-5.4552702209999779],[105.79547229600007,-5.4554175849999638],[105.79548104500009,-5.4555387949999385],[105.79548048600009,-5.4556490499999768],[105.79548016200005,-5.4558225959999618],[105.79549805500005,-5.4567737769999667],[105.79551071400005,-5.4571223139999461],[105.79551518000005,-5.4572573679999437],[105.79551622200006,-5.4574365989999478],[105.79553435300005,-5.4582840599999258],[105.79554861400004,-5.4586695359999453],[105.79555132900003,-5.4587404279999419],[105.79555824300007,-5.4589149619999375],[105.79556015400004,-5.4590896209999755],[105.79561886900007,-5.460602635999976],[105.79562545500005,-5.4606963939999673],[105.79562316200008,-5.4610310149999464],[105.79564443400005,-5.4620622139999568],[105.79564409000005,-5.4622255099999393],[105.79564403000006,-5.4622815509999327],[105.79564402100004,-5.462495702999945],[105.79564404500007,-5.4625327269999389],[105.79565228600006,-5.4631672439999761],[105.79565385600006,-5.4632309319999308],[105.79565180000009,-5.4632928489999699],[105.79563933300005,-5.4638249929999461],[105.79563808500006,-5.4639164829999345],[105.79563022200006,-5.4640076419999559],[105.79558529500008,-5.4646054249999452],[105.79552965700009,-5.4663803359999292],[105.79558967300005,-5.4681489489999535],[105.79550757500004,-5.4684427629999277],[105.79510746400007,-5.4701726909999593],[105.79506825000004,-5.470375684999965],[105.79496828700007,-5.4709039249999591],[105.79481049500004,-5.4718239339999286],[105.79475337200006,-5.4721951299999319],[105.79466402700007,-5.4728245769999262],[105.79460939200004,-5.4732739549999678],[105.79447370900004,-5.4744732039999349],[105.79435698100008,-5.475791289999961],[105.79430134400008,-5.4775662009999451],[105.79436167000006,-5.4793409579999661],[105.79439229500008,-5.4797527769999306],[105.79439559300005,-5.4797929919999433],[105.79439181800007,-5.4798331649999454],[105.79436626600005,-5.4801565799999707],[105.79408845600005,-5.4818567429999803],[105.79391709400005,-5.4836242069999344],[105.79386145800004,-5.4853991179999753],[105.79392178600006,-5.4871738749999395],[105.79393931300007,-5.4874072109999474],[105.79393789600005,-5.4874297319999528],[105.79393317500006,-5.4875065489999315],[105.79391174400007,-5.487863468999933],[105.79386288100005,-5.4895292609999728],[105.79390491400005,-5.4910050639999781],[105.79390713400005,-5.491044934999934],[105.79390228400007,-5.4910845709999307],[105.79375659400006,-5.4926486149999505],[105.79370096100007,-5.4944235249999451],[105.79376129300005,-5.4961982809999768],[105.79376781500008,-5.4962934849999669],[105.79377141900005,-5.4963447739999651],[105.79376800300008,-5.4963960759999395],[105.79376355400007,-5.4964641579999807],[105.79370792200007,-5.4982390679999753],[105.79376825600008,-5.5000138239999501],[105.79394430200006,-5.5017808249999689],[105.79423530500009,-5.5035325059999423],[105.79464001900004,-5.5052613629999314],[105.79486733900006,-5.5060372959999313],[105.79417928700008,-5.507564345999981],[105.79383649200008,-5.5084394219999808],[105.79378249400008,-5.508584611999936],[105.79350324200004,-5.5093723339999769],[105.79342747700008,-5.509623807999958],[105.79313577700009,-5.5102835099999652],[105.79286203200007,-5.5109247309999319],[105.79223997900004,-5.5125875279999264],[105.79215216000006,-5.5128523769999447],[105.79190338500007,-5.5136157349999735],[105.79168588100003,-5.5143149789999484],[105.79159579300006,-5.5146189809999555],[105.79138720800006,-5.5152494429999592],[105.79119786400008,-5.5156953459999727],[105.79107539100005,-5.5159978829999545],[105.79099827300007,-5.5161917219999737],[105.79049868400006,-5.5175519819999295],[105.79027437800005,-5.5182477619999304],[105.79017422000004,-5.5185733739999705],[105.78988632800008,-5.5195775969999659],[105.78987880400007,-5.519605945999956],[105.78981721100007,-5.5198385129999679],[105.78942459400008,-5.5215400929999419],[105.78913822300007,-5.5232925419999788],[105.78902375300004,-5.5243273699999804],[105.78886508100004,-5.5260657589999482],[105.78880274900007,-5.5264326129999404],[105.78864563200005,-5.527480642999933],[105.78847425900005,-5.529248106999944],[105.78841862200005,-5.531023017999928],[105.78847895900009,-5.5327977739999596],[105.78865501200005,-5.5345647759999679],[105.78894603000003,-5.5363164569999412],[105.78924308400008,-5.5376318429999287],[105.79024962400007,-5.5416251269999748],[105.79035730700008,-5.5420385969999302],[105.79087403700004,-5.5437372279999408],[105.79150054200005,-5.5453983579999431],[105.79223414000006,-5.5470148749999453],[105.79227891000005,-5.5471051109999507],[105.79228293300008,-5.5471131819999755],[105.79228064600005,-5.5471219089999408],[105.79190613700007,-5.5487547549999476],[105.79187912100008,-5.5488937049999549],[105.79187273100007,-5.5489270309999483],[105.79161338300008,-5.5505405309999674],[105.79144202300006,-5.552307993999932],[105.79138640200006,-5.5540829019999478],[105.79144675900005,-5.5558576549999543],[105.79151154800007,-5.5565078279999511],[105.79148044500005,-5.5569109619999608],[105.79142482600008,-5.5586858699999766],[105.79148518600005,-5.5604606229999263],[105.79154825400008,-5.5611814499999355],[105.79154347000008,-5.5611818929999686],[105.79155492000007,-5.561305840999978],[105.79156027800008,-5.5614302029999294],[105.79159546500006,-5.5620709839999449],[105.79172367300004,-5.5634567199999765],[105.79174435500005,-5.5636313989999735],[105.79179223100004,-5.5640126599999462],[105.79192407500005,-5.5648505059999707],[105.79177873000003,-5.5652390009999522],[105.79126651400009,-5.566939007999963],[105.79086636400007,-5.5686689399999523],[105.79057999500009,-5.5704213889999323],[105.79040863400007,-5.5721888519999538],[105.79035301700009,-5.5739637599999696],[105.79041338200005,-5.5757385119999299],[105.79058947200008,-5.5775055079999447],[105.79088053400005,-5.5792571819999353],[105.79128532200008,-5.5809860309999522],[105.79180210400006,-5.5826846529999443],[105.79242866800007,-5.584345773999928],[105.79316233100008,-5.5859622799999329],[105.79330002500006,-5.5862371479999524],[105.79535868500005,-5.5902892099999804],[105.79592590900006,-5.5913346929999648],[105.79567075100005,-5.5921815449999599],[105.79527060900006,-5.593911478999928],[105.79518330100007,-5.5943755679999754],[105.79517322000004,-5.5944318359999556],[105.79497417100004,-5.5957201969999346],[105.79480282700007,-5.5974876589999667],[105.79474723200008,-5.5992625639999574],[105.79475370900008,-5.5998204169999326],[105.79475596800006,-5.5999236639999594],[105.79480421900007,-5.601012753999953],[105.79479235600007,-5.6010648599999513],[105.79462742000004,-5.6018415579999328],[105.79453457200009,-5.602336667999964],[105.79451337800003,-5.6024557719999279],[105.79445522100008,-5.6027950169999485],[105.79442300600005,-5.6029903559999639],[105.79441033500007,-5.6030706849999774],[105.79387108900005,-5.6040847229999713],[105.79314175900004,-5.6057032059999301],[105.79251964500008,-5.6073660119999431],[105.79200741200003,-5.6090660219999791],[105.79164857000006,-5.6105905529999518],[105.79162722300003,-5.6106945999999311],[105.79158590700007,-5.6109000019999371],[105.79144947000009,-5.6117349279999758],[105.79142779200004,-5.6118023079999375],[105.79134405300005,-5.6120756899999265],[105.79127346600006,-5.6122957329999394],[105.79098641800005,-5.6132504209999752],[105.79089511800004,-5.6135755899999253],[105.79088366700006,-5.6136123349999707],[105.79080610100004,-5.6138655849999282],[105.79073879100008,-5.614089235999927],[105.79066838900007,-5.6143119299999285],[105.79052775400004,-5.6147708519999355],[105.79044423000005,-5.6150522529999307],[105.79037192900006,-5.6152931019999528],[105.79028824000005,-5.6155687839999473],[105.79019846600005,-5.6158707979999463],[105.79019127100008,-5.6158955279999532],[105.79016433600003,-5.6159647229999337],[105.78973909400008,-5.6171359499999767],[105.78935328600005,-5.6184163439999679],[105.78915976800005,-5.6188451579999423],[105.78913326200006,-5.6189077419999762],[105.78902935600007,-5.619156501999953],[105.78840722100006,-5.6208193069999766],[105.78789496900004,-5.6225193159999662],[105.78787457400006,-5.6225964379999596],[105.78785794300006,-5.622659700999975],[105.78747816400005,-5.624312510999971],[105.78741720200009,-5.624631767999972],[105.78738378200006,-5.624812651999946],[105.78734569300008,-5.6249926089999462],[105.78726992400004,-5.6253633169999375],[105.78721876700007,-5.6256297939999627],[105.78715862900003,-5.6259517289999508],[105.78692340100008,-5.627437701999952],[105.78675203700004,-5.6292051639999272],[105.78672541400005,-5.6296879009999543],[105.78672047900005,-5.6297946459999366],[105.78669149200005,-5.6310868149999465],[105.78669479100006,-5.6311837789999686],[105.78669257400009,-5.631192207999959],[105.78631139400005,-5.6328503209999781],[105.78627078000005,-5.6330606829999397],[105.78624411300007,-5.6332017969999697],[105.78611954800004,-5.6339125139999737],[105.78608011500006,-5.6341565099999684],[105.78605003800004,-5.6343302889999336],[105.78600673500006,-5.6345729529999744],[105.78592836000007,-5.6350617619999639],[105.78568659700005,-5.6355264039999611],[105.78495721600007,-5.6371448829999622],[105.78433505700008,-5.6388076869999395],[105.78382278300006,-5.6405076949999398],[105.78342259200008,-5.642237626999929],[105.78313619400006,-5.6439900769999554],[105.78296482100006,-5.6457575399999769],[105.78293236900004,-5.646373343999926],[105.78292930800006,-5.6464474099999507],[105.78291944200004,-5.646520877999933],[105.78290460500006,-5.6466331309999305],[105.78273323100007,-5.648400593999952],[105.78268066600003,-5.6497301449999782],[105.78266250500008,-5.6509375319999435],[105.78265945500004,-5.6513828869999543],[105.78268753400005,-5.6525821689999702],[105.78269234100009,-5.6526877929999273],[105.78272464400004,-5.653263261999939],[105.78284173700007,-5.6544380169999613],[105.78283687900006,-5.6544385339999508],[105.78284565200005,-5.6545211619999804],[105.78284771000006,-5.6546042309999507],[105.78284892300007,-5.6546515519999616],[105.78285088300004,-5.6547255149999387],[105.78290174800009,-5.6558165159999589],[105.78307787300008,-5.6575835099999381],[105.78336898700007,-5.6593351799999709],[105.78377384100008,-5.6610640249999733],[105.78402043900007,-5.6618744439999773],[105.78399987300008,-5.662444556999958],[105.78399047600004,-5.6625127389999648],[105.78396293400004,-5.662718376999976],[105.78383919600009,-5.663856907999957],[105.78382783100005,-5.6639869219999355],[105.78379961000007,-5.6643356249999783],[105.78378460700009,-5.6645371199999772],[105.78376537300005,-5.6647382539999285],[105.78371619800004,-5.6653178769999499],[105.78370925700006,-5.6654115719999254],[105.78369576300008,-5.6655045459999656],[105.78364427000008,-5.665877499999965],[105.78360913000006,-5.6661457089999772],[105.78357213900006,-5.6664136689999509],[105.78354377200009,-5.6666252879999774],[105.78340563600005,-5.6679347389999748],[105.78339940500007,-5.6680116199999588],[105.78338898500004,-5.6680875139999785],[105.78336336100006,-5.6682792059999656],[105.78319199100008,-5.6700466679999408],[105.78316499600004,-5.6709083249999708],[105.78315769500006,-5.6709080439999298],[105.78315360900007,-5.6710146349999491],[105.78314313100009,-5.6711207869999498],[105.78306729300004,-5.6720528259999696],[105.78303598700006,-5.6726413189999789],[105.78303101400007,-5.6727587819999599],[105.78302034400008,-5.6728755359999354],[105.78296315100005,-5.6736114129999464],[105.78290754400007,-5.6753863189999265],[105.78294572700008,-5.6767285519999291],[105.78293569500005,-5.6769063349999556],[105.78290684400008,-5.6774977669999771],[105.78288389600004,-5.6781097769999747],[105.78287815600004,-5.6783286849999399],[105.78287100400007,-5.6784011819999591],[105.78284433900006,-5.6786887089999709],[105.78281221500004,-5.6788452609999354],[105.78270965500008,-5.6794728129999612],[105.78270089800009,-5.6794810509999252],[105.78149083500006,-5.6807787679999251],[105.78036808600007,-5.6821529819999341],[105.77933746000008,-5.6835978119999595],[105.77854553000009,-5.6848773709999705],[105.77854125300007,-5.6848748419999424],[105.77851976500006,-5.6849113009999428],[105.77849251300006,-5.6849436639999453],[105.77768522100007,-5.685949968999978],[105.77700946000004,-5.6868744159999665],[105.77693207700008,-5.6869851049999625],[105.77684993300005,-5.6870922959999461],[105.77682446700004,-5.6871255809999752],[105.77579382300007,-5.6885704069999292],[105.77485971500005,-5.6900796609999702],[105.77402614400006,-5.6916468809999401],[105.77329668000004,-5.6932653569999729],[105.77300186500008,-5.6940121799999588],[105.77298054700009,-5.6940686099999311],[105.77295287400005,-5.6941221999999811],[105.77282993400007,-5.6943632139999636],[105.77271932900004,-5.6945827389999408],[105.77270706900003,-5.6946063959999265],[105.77253055300008,-5.6949339619999364],[105.77205697100004,-5.6958543919999443],[105.77132863200006,-5.6974703479999675],[105.77101379300007,-5.6979856829999562],[105.77018020200006,-5.6995528999999578],[105.76945072000007,-5.701171373999955],[105.76882847000007,-5.7028341729999283],[105.76831611900008,-5.7045341779999603],[105.76797203500007,-5.7059868489999417],[105.76795330300007,-5.7060768929999313],[105.76789712900006,-5.7063541519999603],[105.76761067900009,-5.7081066009999404],[105.76759317100004,-5.7082439289999343],[105.76758725900004,-5.708291256999928],[105.76757444200007,-5.7083371939999665],[105.76752064600004,-5.7085328119999303],[105.76742812200007,-5.708874236999975],[105.76738097000003,-5.7090398249999339],[105.76725571800006,-5.7094946389999564],[105.76725316100004,-5.7095042539999667],[105.76721298400008,-5.7096554779999451],[105.76712305800004,-5.7100031909999416],[105.76697116200006,-5.7106069569999249],[105.76685372900005,-5.7110925539999471],[105.76682861500007,-5.7112007489999428],[105.76663826600009,-5.712087753999981],[105.76655667600005,-5.7125198889999638],[105.76653657600008,-5.7126312789999361],[105.76651004300004,-5.7127448779999668],[105.76635627700006,-5.7134447199999272],[105.76629644000008,-5.7137352819999592],[105.76623584400005,-5.7140256859999567],[105.76621565100004,-5.714123352999934],[105.76609975700006,-5.7146891439999763],[105.76606044500005,-5.7148847119999573],[105.76589571700003,-5.7158027699999252],[105.76586650100006,-5.7159833709999361],[105.76583257100003,-5.7161631409999814],[105.76558807800006,-5.7176981229999342],[105.76548837000007,-5.7185759229999462],[105.76546609700006,-5.7188051889999656],[105.76544552000007,-5.7189891549999743],[105.76541405300009,-5.7192622659999302],[105.76531507900006,-5.7202938979999658],[105.76529588700004,-5.7205440329999533],[105.76527408200008,-5.7207939529999408],[105.76522688400007,-5.7214177349999318],[105.76521231800007,-5.7216622139999345],[105.76520150500005,-5.7218586259999711],[105.76518629600008,-5.7220547469999588],[105.76516061000007,-5.7224174449999623],[105.76514152200008,-5.7230263159999595],[105.76513910200003,-5.7230261939999423],[105.76513503800004,-5.7231075609999493],[105.76512425100009,-5.7231883079999761],[105.76511199600009,-5.723281257999929],[105.76494057600007,-5.7250487209999505],[105.76488493000005,-5.7268236299999558],[105.76494529700005,-5.7285983839999517],[105.76512142100006,-5.7303653829999348],[105.76522130900008,-5.7310505859999807],[105.76522281600006,-5.7310600779999277],[105.76525114800006,-5.7315626489999545],[105.76542727500004,-5.7333296479999376],[105.76568705600005,-5.7348927069999718],[105.76568315100008,-5.7348934589999772],[105.76569743600004,-5.7349678609999728],[105.76570497800009,-5.7350432489999434],[105.76580649900006,-5.7359155099999271],[105.76609763300007,-5.7376671859999533],[105.76648057800008,-5.739313928999934],[105.76651341500008,-5.7394375649999461],[105.76652076200008,-5.7394716429999448],[105.76658632400006,-5.7397861659999307],[105.76694703500004,-5.74129865499998],[105.76746395600009,-5.7429972799999405],[105.76809069000007,-5.7446584039999493],[105.76882455300006,-5.7462749129999793],[105.76926970200009,-5.747136859999955],[105.76929428200003,-5.7471824389999711],[105.76968698500008,-5.7478854639999781],[105.77062523700005,-5.7493921959999739],[105.77071875800004,-5.749531048999927],[105.77073648600003,-5.7495571949999658],[105.77074794100008,-5.7495866449999653],[105.77097610300007,-5.7501542339999787],[105.77115881100008,-5.7505566819999672],[105.77110783500007,-5.7507874069999616],[105.77098134300007,-5.7513925249999716],[105.77096800900006,-5.7514605969999479],[105.77095172400004,-5.7515443099999288],[105.77092745100003,-5.7516405419999614],[105.77081754700004,-5.7520801609999808],[105.77068879600006,-5.7526184059999537],[105.77066361900006,-5.7527286059999483],[105.77063233600006,-5.7528372269999295],[105.77048468500004,-5.7533702509999785],[105.77021451300004,-5.7544788009999479],[105.77017276900006,-5.7546671899999637],[105.77004267500007,-5.755288572999973],[105.76986763900004,-5.7562708679999446],[105.76976939300005,-5.7568875669999784],[105.76967661800006,-5.7575288899999464],[105.76958004900007,-5.7581014719999644],[105.76948262700006,-5.7587228819999723],[105.76945695300009,-5.7589000119999696],[105.76942644700006,-5.7590763709999351],[105.76925580500006,-5.7602030389999754],[105.76908440200003,-5.7619705009999507],[105.76908166100009,-5.762057959999936],[105.76883147900008,-5.7631392199999709],[105.76872345100008,-5.7637202419999767],[105.76869066900008,-5.7639078909999739],[105.76851224400008,-5.7650793179999482],[105.76834083900007,-5.7668467799999803],[105.76831131000006,-5.7676625849999255],[105.76830450200003,-5.767662320999932],[105.76830353200006,-5.7676873709999654],[105.76829561400007,-5.7677111509999577],[105.76785791300006,-5.7691589839999438],[105.76775670500007,-5.7695308289999616],[105.76771660900005,-5.7696798129999252],[105.76740176100009,-5.7709936909999442],[105.76734459300008,-5.7712614669999311],[105.76725916200007,-5.7716775209999582],[105.76717462400006,-5.7721697509999785],[105.76717306000006,-5.7721694609999759],[105.76701875100008,-5.7730036459999496],[105.76682988600004,-5.774172827999962],[105.76682241800006,-5.7742072719999555],[105.76671866400005,-5.7747084799999584],[105.76651088500006,-5.7759015729999419],[105.76650035800009,-5.7759711579999475],[105.76642167700004,-5.7765305149999335],[105.76625026700003,-5.7782979759999762],[105.76619464200007,-5.7800728819999563],[105.76622554600004,-5.7813021729999718],[105.76622467500005,-5.7813022089999322],[105.76622684000006,-5.7813536199999476],[105.76622713900008,-5.7813655279999807],[105.76622778900008,-5.781378798999981],[105.76622420300004,-5.7814529079999488],[105.76620554300007,-5.7819227519999572],[105.76619667600005,-5.7822082719999344],[105.76618360300006,-5.7830884779999678],[105.76624400400004,-5.7848632269999598],[105.76626591700006,-5.7851246759999526],[105.76626527400003,-5.7851247229999672],[105.76627298000005,-5.7852304349999599],[105.76627427400007,-5.785336420999954],[105.76628728000009,-5.7856742249999797],[105.76508431800005,-5.7866657139999802],[105.76379186500009,-5.7878813659999651],[105.76304344400006,-5.788663579999934],[105.76299060200006,-5.7887210629999686],[105.76252871600008,-5.7892365569999811],[105.76140574000004,-5.790610762999961],[105.76037490200008,-5.7920555859999467],[105.76028503200007,-5.7921915669999748],[105.76021667500004,-5.7922956749999344],[105.75968623500006,-5.7931367229999751],[105.75941782200005,-5.7935801049999327],[105.75910384700006,-5.7941123269999366],[105.75852545500004,-5.7951726919999373],[105.75849353100006,-5.7952344469999275],[105.75823819300007,-5.7957412989999284],[105.75788316400008,-5.7964936879999414],[105.75778809700006,-5.7967034219999505],[105.75768999100006,-5.7969117469999674],[105.75764233000007,-5.7970135009999808],[105.75746171800006,-5.7974011809999411],[105.75696912800004,-5.798524059999977],[105.75647490500006,-5.7998160169999551],[105.75637541400005,-5.8000973639999529],[105.75624728100007,-5.8004682059999482],[105.75573484200004,-5.8021682099999339],[105.75553463200004,-5.8029693399999474],[105.75544282600003,-5.8033619709999584],[105.75538604900004,-5.8036254859999303],[105.75515445700006,-5.8039983559999655],[105.75511902900007,-5.8040595809999331],[105.75507887700007,-5.8041292079999494],[105.75424512300003,-5.8056964219999259],[105.75393161600005,-5.8063576309999689],[105.75381516200008,-5.8066120419999265],[105.75339904200007,-5.8075693039999692],[105.75277666900007,-5.8092321009999637],[105.75253446600004,-5.8099858949999543],[105.75238311100009,-5.8104816409999671],[105.75217841000006,-5.8111860229999479],[105.75212555100006,-5.811377522999976],[105.75206851600007,-5.8115678159999788],[105.75183850100007,-5.8123810129999356],[105.75143815900009,-5.8141109409999672],[105.75115164600004,-5.8158633889999578],[105.75107396400006,-5.8165234469999518],[105.75106584800005,-5.8166005159999372],[105.75097207600004,-5.8177079209999647],[105.75094602900003,-5.8185385209999367],[105.75075092100008,-5.8191857529999425],[105.75035057400004,-5.820915680999974],[105.75006405700009,-5.8226681289999647],[105.75006180200006,-5.8226855069999601],[105.75005274100005,-5.8227555039999288],[105.74988353900005,-5.8245055879999654],[105.74988332400005,-5.824512441999957],[105.74941476800007,-5.8250147869999296],[105.74829169700007,-5.8263889789999439],[105.74726077000008,-5.8278337889999534],[105.74637897600007,-5.8292519629999333],[105.74626708600005,-5.8294449059999351],[105.74626558600005,-5.8294473999999354],[105.74614797700008,-5.8296358939999777],[105.74564314600008,-5.8304785789999301],[105.74480933600006,-5.8320457859999806],[105.74407965700004,-5.8336642509999592],[105.74390105800006,-5.834115287999964],[105.74387575500003,-5.8341518609999525],[105.74366419600005,-5.8344748059999461],[105.74358999800006,-5.8345898469999611],[105.74351093900003,-5.834701592999977],[105.74327085600004,-5.8350502259999644],[105.74199922300005,-5.8360981569999808],[105.74070661400003,-5.8373137749999273],[105.73949615800007,-5.8386114519999524],[105.73837303700009,-5.8399856299999442],[105.73734206200004,-5.8414304279999669],[105.73647685800006,-5.842827869999951],[105.73589171300006,-5.8420072469999695],[105.73486842800008,-5.8406588649999662],[105.73477066900006,-5.8405308369999602],[105.73474213400004,-5.840493763999973],[105.73470737300005,-5.8404486799999518],[105.73467839300008,-5.8403996669999287],[105.73387290800008,-5.8391200999999455],[105.73337414500008,-5.8384000899999364],[105.73331988000007,-5.8383243919999472],[105.73278390400009,-5.8376023049999617],[105.73165720600008,-5.8362310669999715],[105.73044337200008,-5.834936556999935],[105.72914760100008,-5.8337243189999413],[105.72830953400006,-5.8330373469999586],[105.72729373000004,-5.8320852949999562],[105.72726662800005,-5.83206146699996],[105.72724470300005,-5.8320327919999499],[105.72720690000006,-5.8319834709999441],[105.72608022700007,-5.830612217999942],[105.72486641900008,-5.8293176929999504],[105.72407902200007,-5.8285621989999754],[105.72404220300007,-5.8285282679999568],[105.72353385400004,-5.8280715079999368],[105.72216171800005,-5.8269467149999628],[105.72071906800005,-5.8259141999999429],[105.72060724300007,-5.8258399769999301],[105.72037360200005,-5.825685731999954],[105.71897844100005,-5.8248241379999399],[105.71741357100007,-5.823989026999925],[105.71579751500008,-5.8232581959999266],[105.71438304300005,-5.8227193239999337],[105.71404150600006,-5.822600030999979],[105.71379565900008,-5.822515482999961],[105.71209818300008,-5.8220021409999276],[105.71037082100008,-5.8216010779999579],[105.70862096500008,-5.8213140079999448],[105.70735478600005,-5.8211788989999604],[105.70690980700005,-5.8211419819999719],[105.70641113000005,-5.8211052469999345],[105.70463882900003,-5.8210493609999503],[105.70402851400007,-5.8210630779999519],[105.70402393600006,-5.8210624019999386],[105.70357190500005,-5.8209994949999668],[105.70262607000006,-5.8209031069999355],[105.70200855500008,-5.8206715559999793],[105.70031109200005,-5.8201581769999393],[105.69917826900007,-5.8198816949999355],[105.69891409800005,-5.8198232199999325],[105.69865033200006,-5.8197629349999715],[105.69787494600007,-5.8195976319999545],[105.69612509800004,-5.8193105219999666],[105.69573616800005,-5.8192695239999352],[105.69519224700008,-5.818753600999969],[105.69509946300008,-5.8186700539999379],[105.69482356800006,-5.8184250039999483],[105.69405620600008,-5.8177774369999611],[105.69385467900008,-5.8176136649999535],[105.69365459900007,-5.8174481249999417],[105.69286557400005,-5.816819670999962],[105.69142299600009,-5.8157870719999778],[105.68991607700008,-5.8148511669999721],[105.68835127000006,-5.8140159659999426],[105.68787577300009,-5.8137875739999458],[105.68752993900006,-5.8136255879999794],[105.68638943900004,-5.8131230569999275],[105.68472917200006,-5.8124995429999444],[105.68399385000004,-5.8122621989999743],[105.68388779600008,-5.8122296299999334],[105.68378377200008,-5.8121910489999777],[105.68305229400005,-5.8119316129999561],[105.68135486800008,-5.8114181719999465],[105.67962754900009,-5.8110170079999648],[105.67787773100008,-5.8107298379999293],[105.67611290700006,-5.810557891999963],[105.67434063100006,-5.8105019069999457],[105.67256849400007,-5.8105621219999648],[105.67184610200007,-5.8106201309999506],[105.67170461900008,-5.8106334019999508],[105.67163189900003,-5.8106283919999555],[105.67074058200006,-5.8105856939999398],[105.67069076600006,-5.8105841299999383],[105.66980980600005,-5.8105708289999711],[105.66935198800007,-5.8105863819999399],[105.66910200400008,-5.8104924919999803],[105.66740459100004,-5.8099790069999813],[105.66726295000007,-5.8099415869999689],[105.66698606900007,-5.8098692389999655],[105.66686055600007,-5.8098389029999566],[105.66579719200007,-5.8094482409999273],[105.66430052100009,-5.8089891869999519],[105.66420987600009,-5.8089642289999688],[105.66400913900009,-5.8089097869999478],[105.66228183400005,-5.808508566999933],[105.66148674400006,-5.808363447999966],[105.66099171500008,-5.8082807139999773],[105.66003699800007,-5.8081386069999326],[105.65827218000004,-5.8079666039999438],[105.65754944600008,-5.8079297049999354],[105.65734822800005,-5.8079221279999729],[105.65714721600006,-5.8079102899999384],[105.65552514100006,-5.807863508999958],[105.65375300300008,-5.8079236649999757],[105.65198858600007,-5.8080997629999729],[105.65023944500007,-5.8083910519999336],[105.64915154500005,-5.8086464139999521],[105.64877933300005,-5.8085930099999814],[105.64701451300004,-5.8084209719999649],[105.64527321400004,-5.8083648769999741],[105.64512151900004,-5.8083648769999741],[105.64509054200005,-5.8083648939999648],[105.64331839700009,-5.8084250169999336],[105.64155397200005,-5.8086010839999744],[105.63980482000005,-5.8088923409999325],[105.63975420700007,-5.8089025329999799],[105.63967117500005,-5.808919335999974],[105.63958707500007,-5.8089295029999448],[105.63938776600008,-5.8089543489999755],[105.63901781300007,-5.8090018609999561],[105.63889722300007,-5.8090176239999778],[105.63795012700007,-5.809160689999942],[105.63790063600004,-5.809169064999935],[105.63748671800005,-5.8092455369999811],[105.63723921600007,-5.8091335639999784],[105.63610336700003,-5.8086935259999564],[105.63592761400008,-5.808629946999929],[105.63540324700006,-5.8084463189999269],[105.63370585900009,-5.8079327279999688],[105.63287698900007,-5.8077252559999692],[105.63283462700008,-5.8077153599999747],[105.63193620600003,-5.807521516999941],[105.63166651900008,-5.8074695269999665],[105.63135910400007,-5.8074118789999716],[105.63105169500005,-5.807354198999974],[105.62956871800009,-5.8071183279999445],[105.62780390200004,-5.8069462279999584],[105.62660899500008,-5.806895610999959],[105.62656428300005,-5.8068947069999695],[105.62598691400007,-5.8068891849999318],[105.62421476500003,-5.8069492479999667],[105.62246394000005,-5.8071238979999293],[105.62221954700004,-5.8068650519999778],[105.62092405000004,-5.8056525289999286],[105.62089892800009,-5.8056305529999577],[105.62053060800008,-5.8044193119999363],[105.61990419800009,-5.8027579849999711],[105.61917064100004,-5.8011412449999398],[105.61833308100006,-5.7995760149999569],[105.61739510200005,-5.7980689949999373],[105.61636072400006,-5.7966266399999427],[105.61523437400007,-5.795255124999926],[105.61402087600004,-5.7939603219999753],[105.61306089900006,-5.7930467369999405],[105.61286162400006,-5.7928661639999746],[105.61266364500005,-5.7926841689999264],[105.61218489300006,-5.79225443699994],[105.61211603100008,-5.792197961999932],[105.61211290400007,-5.7921665069999335],[105.61194683600007,-5.7910821149999379],[105.61193180000004,-5.7909956319999765],[105.61180714900007,-5.7903282209999247],[105.61140265800009,-5.7885992099999726],[105.61139011100005,-5.7885526749999485],[105.61132085200006,-5.7882967229999736],[105.61081686900008,-5.7866444439999327],[105.61019051200009,-5.7849830999999767],[105.60992667900007,-5.7843685869999604],[105.60982656300007,-5.7841430989999481],[105.60982006500006,-5.784127405999925],[105.60970989200007,-5.7838543389999586],[105.60960977900004,-5.783609642999977],[105.60906968000006,-5.7823928159999696],[105.60897784300005,-5.7821988739999597],[105.60878444400004,-5.7817989409999768],[105.60856514000005,-5.781364592999978],[105.60838045600008,-5.7810068149999552],[105.60847128500006,-5.780376710999974],[105.60864319000007,-5.7786092379999445],[105.60867003500005,-5.7781247719999556],[105.60868445600005,-5.777814373999945],[105.60869902600007,-5.777503984999953],[105.60872890400009,-5.7762005489999524],[105.60872855900004,-5.7760895079999273],[105.60872724100005,-5.7758337479999682],[105.60872794500006,-5.7756731399999808],[105.60872901400006,-5.7755792379999775],[105.60873578700006,-5.7753902989999801],[105.60875321700007,-5.7743876129999308],[105.60873719000006,-5.7734829159999776],[105.60873288900007,-5.773357793999935],[105.60868900900005,-5.7724876659999609],[105.60856681900003,-5.7712585619999572],[105.60875184700006,-5.7709509279999338],[105.60880421500008,-5.770860794999976],[105.60886516000005,-5.7707553569999277],[105.60969929800007,-5.7691883129999724],[105.61042931900005,-5.7675699829999303],[105.61105209600004,-5.7659072959999662],[105.61118432400008,-5.7655054769999765],[105.61125956600006,-5.7652706919999446],[105.61143850900004,-5.764660436999975],[105.61144121700005,-5.7646612569999434],[105.61146984900006,-5.7645663939999281],[105.61150465800006,-5.7644736259999263],[105.61168634700005,-5.7639746469999409],[105.61173445900005,-5.7638383879999537],[105.61178791800006,-5.7637041429999272],[105.61187297700008,-5.7634878549999371],[105.61191007100007,-5.7633923369999707],[105.61232434700008,-5.7622505309999497],[105.61283720700004,-5.76055060799996],[105.61285671100006,-5.7604769709999459],[105.61289890900008,-5.7603167549999625],[105.61291397700006,-5.7602660939999737],[105.61294238100004,-5.7601734219999798],[105.61321966900005,-5.7592049979999729],[105.61362042300004,-5.7574751189999347],[105.61384059700003,-5.7562015779999456],[105.61389610600008,-5.7558277559999738],[105.61396286700005,-5.7553488679999418],[105.61413475600006,-5.7535813949999692],[105.61416827200009,-5.7529439209999396],[105.61424272300007,-5.7527811819999783],[105.61465415700007,-5.7518347069999436],[105.61527690800006,-5.7501720179999438],[105.61548698600006,-5.749523202999967],[105.61552030800004,-5.7494157069999687],[105.61582307400005,-5.748364596999977],[105.61622381600006,-5.7466347169999494],[105.61651074200006,-5.7448822879999284],[105.61656158400007,-5.744467368999949],[105.61662347300006,-5.7439279559999363],[105.61674451200008,-5.7425754019999431],[105.61676926300004,-5.7421351129999607],[105.61678042200003,-5.7419030399999542],[105.61678236600005,-5.7418674099999407],[105.61679520800004,-5.7417444179999393],[105.61688605000006,-5.7406674619999762],[105.61694215100005,-5.7388925129999393],[105.61688223500005,-5.7371176889999447],[105.61687728000004,-5.7370446889999585],[105.61686839000004,-5.7369162609999762],[105.61686552300006,-5.7367875559999675],[105.61681233500008,-5.7355889639999305],[105.61681007000004,-5.7355552399999397],[105.61679923000008,-5.7353952789999312],[105.61679374200008,-5.7352350449999676],[105.61674974000005,-5.7343614339999363],[105.61657406500007,-5.7325943349999307],[105.61654092100008,-5.7323525899999481],[105.61641170800004,-5.7314405539999598],[105.61615417000007,-5.7299304909999478],[105.61574972900007,-5.7282014769999705],[105.61523325900004,-5.7265026579999585],[105.61521428800006,-5.7264470719999281],[105.61499859600008,-5.7258173189999297],[105.61439128400008,-5.7242115569999328],[105.61366352100003,-5.7226062559999491],[105.61356990600007,-5.7224163919999569],[105.61347984900004,-5.7222248079999645],[105.61325416500006,-5.721756394999943],[105.61298892800005,-5.721233404999964],[105.61285997900006,-5.7209858099999451],[105.61273237500006,-5.7207375159999287],[105.61209250400009,-5.7195643839999661],[105.61135187400004,-5.7183565019999492],[105.61108571100004,-5.7179468109999334],[105.61101486800004,-5.7178383329999747],[105.61091811300008,-5.7176909469999373],[105.61082554100005,-5.7175408899999525],[105.61037644200007,-5.716837350999981],[105.60927975600003,-5.7151761949999695],[105.60925976400006,-5.7151461039999276],[105.60925835800003,-5.7151438349999353],[105.60882766600008,-5.7144934829999556],[105.60876149900008,-5.7143940459999385],[105.60772731400004,-5.7129516519999584],[105.60733743200007,-5.7124558479999337],[105.60718644600007,-5.7122683679999682],[105.60703779200009,-5.7120790269999588],[105.60639988800006,-5.7112969209999278],[105.60621831000009,-5.7110825649999697],[105.60615148500005,-5.7110019289999627],[105.60599341600005,-5.7108070949999501],[105.60531859700006,-5.7100073509999447],[105.60521392800007,-5.7098887509999372],[105.60506249200006,-5.7097181649999698],[105.60499960600004,-5.7096459339999797],[105.60499123000005,-5.7096360109999296],[105.60496501800009,-5.7096039449999694],[105.60495851000007,-5.7095957609999459],[105.60486962100003,-5.7094784789999267],[105.60483627000008,-5.7094341619999796],[105.60478041300007,-5.7093491559999734],[105.60466086200006,-5.7091687889999321],[105.60362669700004,-5.7077263859999334],[105.60250057200005,-5.7063548199999445],[105.60128731000003,-5.7050599629999397],[105.59999210600006,-5.7038473599999406],[105.59997425200004,-5.7038327139999296],[105.59995054400008,-5.7038017349999564],[105.59992565700009,-5.7037692659999379],[105.59879955000008,-5.7023976909999305],[105.59867737800005,-5.7022593889999484],[105.59849403700008,-5.7020532589999675],[105.59839617600005,-5.7019438309999373],[105.59821415800008,-5.7017414049999502],[105.59803347600007,-5.7015377829999352],[105.59724265600005,-5.7006841699999313],[105.59708826400004,-5.7005245279999599],[105.59676688600007,-5.7001977969999302],[105.59661116600006,-5.7000433889999726],[105.59653531400005,-5.6999687809999386],[105.59646409000004,-5.6998897299999385],[105.59548910200004,-5.6988628279999602],[105.59522999900008,-5.6986072729999364],[105.59494133000004,-5.6983263539999598],[105.59487436200004,-5.6982610259999547],[105.59480024000004,-5.6981798379999304],[105.59394499100006,-5.6972849499999256],[105.59318237800005,-5.6965517889999546],[105.59308207000004,-5.6964590519999661],[105.59307586100005,-5.69645279599996],[105.59306351500004,-5.6964401179999413],[105.59293563800009,-5.6962953759999664],[105.59184524200003,-5.6951319559999547],[105.59161234300007,-5.6948976619999598],[105.59155185600008,-5.6948370059999434],[105.59069499600008,-5.6940171129999726],[105.59052175000005,-5.6938584519999722],[105.59008345000007,-5.6934657159999347],[105.58871189400008,-5.6923405299999672],[105.58779514400004,-5.6916674469999293],[105.58754404900009,-5.6914910799999348],[105.58729313000003,-5.6913144609999335],[105.58703594800005,-5.6911381049999363],[105.58632844800007,-5.6903917339999452],[105.58591097600004,-5.6899925779999307],[105.58602708300003,-5.6892836519999719],[105.58606821600006,-5.6889490329999717],[105.58608999200004,-5.68886807399997],[105.58649080300006,-5.6871382059999291],[105.58649997300006,-5.6870915649999461],[105.58651297900008,-5.6870251059999646],[105.58661301200004,-5.6864850619999743],[105.58662948400007,-5.6863908329999617],[105.58665238300006,-5.6862979609999798],[105.58682674500005,-5.685512259999939],[105.58687521400009,-5.6854177069999423],[105.58760522000006,-5.6837994049999452],[105.58822800000007,-5.6821367409999652],[105.58874088700009,-5.6804368349999663],[105.58914168600006,-5.6787069659999361],[105.58942868400004,-5.6769545409999296],[105.58960065100007,-5.6751870649999319],[105.58965685100009,-5.6734121069999333],[105.58959704600005,-5.6716372669999373],[105.58942149200004,-5.6698701449999476],[105.58913094200005,-5.6681183079999755],[105.58886606900006,-5.6669305759999702],[105.58884701900007,-5.6668533389999425],[105.58883460800007,-5.6667747559999384],[105.58864152900009,-5.6656943059999776],[105.58823723400008,-5.6639652559999263],[105.58811308400004,-5.6635182479999457],[105.58801423500006,-5.6631737679999787],[105.58762207100006,-5.6619219139999473],[105.58699595100006,-5.6602605159999371],[105.58645629700004,-5.6590441869999495],[105.58629509300005,-5.6587036069999499],[105.58610150300007,-5.6583031179999352],[105.58526427600003,-5.6567377999999735],[105.58432665100008,-5.6552306849999354],[105.58428725200008,-5.6551719099999787],[105.58400163900006,-5.654747031999932],[105.58300703100008,-5.6533633489999602],[105.58206726200007,-5.6522062389999519],[105.58181706800008,-5.6519149179999317],[105.58163087700007,-5.6517004039999392],[105.58041778400008,-5.6504054839999753],[105.57984186900006,-5.6498464889999696],[105.57942810200007,-5.6494566049999548],[105.57870898700008,-5.6488029299999312],[105.57774352000007,-5.6479952979999553],[105.57704651200004,-5.6474392319999538],[105.57664055700008,-5.6471216359999516],[105.57524895600005,-5.6461223739999582],[105.57491783000006,-5.6459001259999582],[105.57486748900004,-5.6458664199999475],[105.57336120200006,-5.6449301339999352],[105.57325250500008,-5.644867741999974],[105.57258487000007,-5.6444865769999524],[105.57128476000008,-5.643790562999925],[105.57110285800007,-5.6436994669999763],[105.57094748400004,-5.6436222769999631],[105.57075061700004,-5.6435262459999649],[105.57024975600007,-5.6432844329999625],[105.56896108100005,-5.6427032609999515],[105.56886290300008,-5.6426620349999439],[105.56873306500006,-5.6426079099999811],[105.56707340100007,-5.6419839829999319],[105.56597424600005,-5.6416373149999686],[105.56584306900004,-5.6415989939999349],[105.56524538200006,-5.6414318089999256],[105.56351863000003,-5.6410302289999663],[105.56298836200006,-5.6409305819999531],[105.56279688200004,-5.6408965729999636],[105.56188051300006,-5.640749987999925],[105.56144564700008,-5.6406880569999771],[105.56114301200006,-5.6406466999999338],[105.56071490100004,-5.6405941249999501],[105.56054501500006,-5.6405746369999292],[105.56037578200005,-5.6405500899999765],[105.56000412500003,-5.6404988109999294],[105.55823982400005,-5.6403264409999565],[105.55707051700006,-5.6402761689999465],[105.55663248500008,-5.6402668269999481],[105.55603001600008,-5.6402606909999804],[105.55502648700008,-5.6402802769999312],[105.55493785200008,-5.6402836539999726],[105.55416971400007,-5.6403238619999456],[105.55371509600008,-5.6403673629999389],[105.55371493200005,-5.6403652459999307],[105.55355081900007,-5.6403779629999349],[105.55300699300005,-5.6404351169999813],[105.55261533200007,-5.6404725919999805],[105.55245234400007,-5.640492950999942],[105.55245240100004,-5.6404934019999473],[105.55207864300007,-5.6405326799999784],[105.55098981600008,-5.640699968999968],[105.55030682400007,-5.6408191899999451],[105.54990582900007,-5.640894325999966],[105.54843455800005,-5.6405521209999279],[105.54668529000008,-5.6402644859999782],[105.54567427500007,-5.6401514079999515],[105.54501302700004,-5.6400900179999667],[105.54425974100008,-5.640030683999953],[105.54252858200005,-5.6399742269999251],[105.54210643800008,-5.6399739859999727],[105.54206581800008,-5.6399739929999555],[105.54062835300005,-5.6400135669999258],[105.54053631000005,-5.6400185529999476],[105.54020210400006,-5.6400387309999473],[105.53845033700009,-5.6402128129999483],[105.53803438000006,-5.6402678719999813],[105.53802216900004,-5.6402694909999695],[105.53627343500006,-5.6405603869999368],[105.53454743500004,-5.6409652319999282],[105.53452561700004,-5.6409711199999606],[105.53400866100009,-5.6411108599999693],[105.53233460000007,-5.6416220339999654],[105.53206963000008,-5.6417139469999711],[105.53184661500006,-5.6417926039999315],[105.53045309000004,-5.6423277559999292],[105.53043214800005,-5.6423364789999368],[105.53036279900005,-5.6423653989999707],[105.52876973100007,-5.6430910599999606],[105.52848432500008,-5.6432344849999367],[105.52831177300004,-5.6433224759999803],[105.52703456400008,-5.6440176089999454],[105.52587615300007,-5.6447284379999587],[105.52549533700005,-5.6449754779999353],[105.52521709300004,-5.6451590199999373],[105.52502710700008,-5.645239475999972],[105.52480356400008,-5.645335384999953],[105.52414885200005,-5.6456266039999718],[105.52385712800009,-5.6457610169999271],[105.52317336600004,-5.6460877439999422],[105.52186146200006,-5.6467827539999575],[105.52166162100008,-5.6468957459999274],[105.52141089400004,-5.6470392819999802],[105.51990634800006,-5.6479784119999294],[105.51975064000004,-5.6480903999999441],[105.51936294900008,-5.647807514999954],[105.51774873500005,-5.6466882969999688],[105.51746477300009,-5.6464940689999708],[105.51684396500008,-5.6460752019999632],[105.51674128300004,-5.6460062619999576],[105.51557968900005,-5.6452721339999812],[105.51541821300003,-5.6451757249999446],[105.51525916300005,-5.6450753519999353],[105.51484671000009,-5.6448201969999445],[105.51467932200006,-5.6447187069999814],[105.51417687800006,-5.6444214269999406],[105.51261276600007,-5.6435856659999786],[105.51183627100005,-5.6432181029999811],[105.51165999200003,-5.6431380579999768],[105.51082116300006,-5.6427741249999599],[105.50916154500004,-5.6421500269999569],[105.50746473800007,-5.6416359999999486],[105.50573800800004,-5.6412342439999748],[105.50544435800003,-5.6411776789999521],[105.50530453400006,-5.6411515459999464],[105.50384892400007,-5.6409203459999731],[105.50326697400004,-5.6408634339999253],[105.50324045800005,-5.6408500589999448],[105.50301970900006,-5.6407424809999611],[105.50290553000008,-5.6406874769999718],[105.50180109400009,-5.6401933369999711],[105.50098227000007,-5.6396238229999653],[105.50011981300008,-5.6390708839999775],[105.49959218300006,-5.6387465239999415],[105.49939395900009,-5.638625832999935],[105.49927651800004,-5.6385550159999411],[105.49916220600005,-5.6384792339999308],[105.49773741300004,-5.6375968949999447],[105.49652960500003,-5.6369399889999272],[105.49632171200005,-5.636833668999941],[105.49596544600007,-5.6366547639999567],[105.49529249100004,-5.6363499909999746],[105.49502535500005,-5.6357606759999612],[105.49458105500008,-5.6348991249999472],[105.49441468200007,-5.6345901729999355],[105.49402202600004,-5.633886246999964],[105.49308466400004,-5.632378957999947],[105.49227613200009,-5.6312340629999653],[105.49225306100004,-5.6312031219999312],[105.49202784200008,-5.6309053709999262],[105.49144253300005,-5.6301692999999773],[105.49131017700006,-5.630008648999933],[105.49076977100003,-5.6293728929999247],[105.49006541700004,-5.6286001979999583],[105.48995069200004,-5.6284791149999478],[105.48944218700007,-5.6279566749999503],[105.48814738000004,-5.6267437799999698],[105.48693373700007,-5.6257401589999745],[105.48674608900006,-5.6255939529999637],[105.48658852000005,-5.625472110999965],[105.48514677400004,-5.6244388989999266],[105.48364066700009,-5.6235023609999644],[105.48207664900008,-5.622666507999952],[105.48156819800005,-5.6224223809999785],[105.48138870100007,-5.6223384879999685],[105.48028192000004,-5.6218510259999448],[105.47862238800008,-5.6212268319999339],[105.47833736600006,-5.6211319249999292],[105.47828408600009,-5.6211145109999734],[105.47687238200007,-5.6206952939999724],[105.47514572900008,-5.6202934399999549],[105.47359093800009,-5.620037568999976],[105.47349617800006,-5.6200130129999479],[105.47323259700005,-5.6199454379999452],[105.47178012300009,-5.6196153979999508],[105.47003093600006,-5.6193275239999707],[105.46973404400006,-5.6192902779999372],[105.46942782400004,-5.6192535819999421],[105.46796048200008,-5.6191181759999722],[105.46709877500007,-5.6190906059999293],[105.46709716100008,-5.6190887639999687],[105.46588437400004,-5.6177935749999506],[105.46480912400006,-5.6167752649999443],[105.46466323600004,-5.6166444729999512],[105.46452033300005,-5.6165104149999365],[105.46384971000003,-5.6159020359999658],[105.46247856700006,-5.614776509999956],[105.46152676400004,-5.6140784249999456],[105.46101825700003,-5.6137222409999481],[105.46052838000008,-5.6133870469999465],[105.45902233800007,-5.6124504399999751],[105.45745838000005,-5.6116145159999746],[105.45699479300004,-5.6113913789999401],[105.45693359500007,-5.6113626359999671],[105.45578200500006,-5.6108541099999343],[105.45458120600006,-5.6103900409999596],[105.45439463300005,-5.6103229929999543],[105.45420957400006,-5.6102518599999485],[105.45386473900004,-5.610121999999933],[105.45351241900005,-5.6099920539999744],[105.45284133900009,-5.6097545199999672],[105.45114466400008,-5.6092403159999549],[105.44941805700006,-5.6088383819999308],[105.44766890800008,-5.6085504369999626],[105.44710505200004,-5.6084825199999386],[105.44673684700007,-5.6084420869999576],[105.44667311100005,-5.6084352179999541],[105.44561341200006,-5.6079605899999478],[105.44511871600008,-5.6077614279999466],[105.44501627800008,-5.6077213559999564],[105.44385151200004,-5.6072962189999771],[105.44308515500006,-5.6070488969999701],[105.44272978300006,-5.6069400219999466],[105.44270422600005,-5.6069247909999262],[105.44238216100007,-5.6067358529999751],[105.44081824000006,-5.6058998809999707],[105.43920309700007,-5.6051681689999668],[105.43754364800009,-5.6045438509999599],[105.43749271600007,-5.6045266289999631],[105.43701263500009,-5.604364822999969],[105.43696713800006,-5.6043502539999395],[105.43628688400008,-5.6037917919999813],[105.43484527200008,-5.6027584429999706],[105.43372441900004,-5.6020484089999627],[105.43356135400006,-5.6019506249999722],[105.43317623000007,-5.6017239799999743],[105.43161233400008,-5.6008879809999712],[105.43072823600005,-5.6004716559999679],[105.43048263800006,-5.6003613749999772],[105.43023782600005,-5.6002493569999388],[105.42960723600004,-5.5999704809999571],[105.42948179000007,-5.5999169019999613],[105.42920688300006,-5.5998012759999369],[105.42918041200005,-5.5997904929999436],[105.42897601700008,-5.5994080529999337],[105.42887867800005,-5.5992408069999442],[105.42869675700007,-5.5989307769999641],[105.42785695600008,-5.5975906099999406],[105.42682342400008,-5.5961478289999604],[105.42597459500007,-5.5951000569999678],[105.42597491100008,-5.5950997899999493],[105.42596045300007,-5.5950825999999552],[105.42594450700005,-5.5950629159999608],[105.42592290500005,-5.5950270189999287],[105.42527330400009,-5.5940002559999584],[105.42517689600004,-5.5938551649999795],[105.42514036300008,-5.593800329999965],[105.42410684400005,-5.5923575419999452],[105.42381234000004,-5.5919805169999677],[105.42364181500005,-5.5917661329999646],[105.42281083400007,-5.5907711809999796],[105.42250815100005,-5.5904316719999656],[105.42240771000007,-5.5903208949999339],[105.42149775900003,-5.5893651089999707],[105.42042838100008,-5.5883518589999426],[105.42028069600008,-5.5882193539999321],[105.42013594900004,-5.5880836349999754],[105.41947256900005,-5.5874819199999592],[105.41890779200008,-5.5870182159999331],[105.41891223900006,-5.5870128779999391],[105.41888945100004,-5.5869938189999289],[105.41887181700008,-5.5869698929999458],[105.41855967900005,-5.5865547689999744],[105.41743421700005,-5.5851827779999326],[105.41740197100006,-5.5851460569999745],[105.41716014600007,-5.5848711819999721],[105.41705000000007,-5.5847467519999441],[105.41701786300007,-5.5847106719999715],[105.41594764700005,-5.5835765129999686],[105.41591603900008,-5.5835449419999463],[105.41574494600007,-5.5833743289999802],[105.41448199100006,-5.582192819999932],[105.41328214900005,-5.5811996259999432],[105.41287041800007,-5.5808782929999552],[105.41269928600008,-5.5807458289999659],[105.41212488100007,-5.5803340419999472],[105.41208853200004,-5.5802725559999544],[105.41200021600008,-5.5801136989999804],[105.41178499000006,-5.5797337849999735],[105.41115846500009,-5.5787019759999339],[105.41099885200003,-5.5784518229999662],[105.41073291600009,-5.5780445009999653],[105.41070965600005,-5.5780012309999734],[105.41031030800008,-5.5772845369999686],[105.40969249100004,-5.5762663759999782],[105.40967838600005,-5.5762442409999267],[105.40935914800008,-5.5757549519999543],[105.40832570000003,-5.574312129999953],[105.40720028600003,-5.572940115999927],[105.40598772400006,-5.5716447829999538],[105.40578861400007,-5.5714581949999342],[105.40575397200007,-5.5713137779999329],[105.40564484800007,-5.5708694609999725],[105.40550866300003,-5.57033815799997],[105.40548450300008,-5.57024770299995],[105.40546677000003,-5.5701557659999708],[105.40543470000006,-5.5699921959999301],[105.40503102400004,-5.5682629589999806],[105.40495981800007,-5.5680026059999363],[105.40491316000004,-5.5678352769999719],[105.40487955900005,-5.567699723999965],[105.40472380700004,-5.5670645699999568],[105.40457834000006,-5.5664978039999369],[105.40406265400009,-5.564798719999942],[105.40390187700007,-5.5643388179999533],[105.40366683200006,-5.563685335999935],[105.40330654300004,-5.5627393549999624],[105.40327161900007,-5.5626525549999428],[105.40324289800009,-5.5625635009999428],[105.40311181400006,-5.5621675029999551],[105.40248633000004,-5.5605058469999449],[105.40239090300008,-5.560278387999972],[105.40231954600006,-5.5601104439999744],[105.40225262900009,-5.5599406759999397],[105.40207727600006,-5.5595067969999263],[105.40134467000007,-5.5578896849999637],[105.40050807900008,-5.5563240409999253],[105.40043458200006,-5.5561974799999803],[105.40012954400004,-5.5556754569999498],[105.40009979000007,-5.5556246639999358],[105.39999900500004,-5.5554530409999643],[105.39990197700007,-5.5552792559999489],[105.39971133400007,-5.5549434319999591],[105.39877434400006,-5.5534359589999553],[105.39774096400004,-5.5519931139999699],[105.39661561900004,-5.5506210729999452],[105.39616854500008,-5.5501256389999298],[105.39603091600009,-5.5499500459999354],[105.39597322000009,-5.5498773099999426],[105.39534807000007,-5.5491277079999577],[105.39530324700007,-5.5477832309999258],[105.39512834200008,-5.5460159879999651],[105.39483845600006,-5.5442639909999798],[105.39443483400004,-5.5425347419999298],[105.39391920200006,-5.5408356439999693],[105.39368606200009,-5.5401769219999437],[105.39367774300007,-5.5401543429999265],[105.39328545000006,-5.5391513959999656],[105.39267722900007,-5.5377898279999727],[105.39256482300004,-5.5375556749999646],[105.39245448000008,-5.5373205379999604],[105.39223535100007,-5.5368649499999378],[105.39179289800006,-5.5353915129999791],[105.39174454300007,-5.535246314999938],[105.39169404800003,-5.5350961519999373],[105.39106862900007,-5.5334344779999469],[105.39033609000006,-5.5318173459999684],[105.39009849300004,-5.5313469499999428],[105.39007877300008,-5.531308830999933],[105.39006557200008,-5.5312679839999532],[105.38993981000004,-5.5308884119999675],[105.38931440100004,-5.529226734999952],[105.38858187300008,-5.5276095999999484],[105.38774536200003,-5.5260439319999364],[105.38692083900008,-5.5247061049999502],[105.38680410800004,-5.5245284299999753],[105.38669172000004,-5.5243587579999485],[105.38565842300005,-5.5229158849999749],[105.38516799900003,-5.5222952779999446],[105.38514530500004,-5.5222674039999333],[105.38451047000007,-5.5215159409999615],[105.38329806700006,-5.5202205479999407],[105.38200371300007,-5.5190073789999587],[105.38157237800004,-5.5186453539999434],[105.38136306800004,-5.5183981819999417],[105.38067170600004,-5.517659483999978],[105.38067906800006,-5.5176525139999626],[105.38065016700006,-5.5176218599999629],[105.38062679300003,-5.517586792999964],[105.38061414200007,-5.5175678299999618],[105.37994258600008,-5.516630050999936],[105.37958830700006,-5.5159956959999477],[105.37865143300007,-5.5144881819999796],[105.37761817400008,-5.513045290999969],[105.37649295200004,-5.5116732019999404],[105.37528058700008,-5.51037778999995],[105.37398627000005,-5.5091646009999522],[105.37261554400004,-5.5080388299999754],[105.37117427800007,-5.5070052979999673],[105.37103751300003,-5.5069175419999397],[105.37103861200006,-5.5069158729999685],[105.37095033900005,-5.5068575289999444],[105.37086576100006,-5.5067939279999791],[105.37076481700007,-5.5067183869999781],[105.37063299800008,-5.5066202189999558],[105.37050560400007,-5.5065168709999739],[105.36993787000006,-5.5060687349999284],[105.36882432900006,-5.5052702039999417],[105.36851232500004,-5.5046861659999422],[105.36757549800006,-5.5031786309999688],[105.36654228500004,-5.5017357169999741],[105.36541711100006,-5.5003636039999719],[105.36420479200007,-5.499068164999926],[105.36291052200005,-5.4978549479999401],[105.36153984300006,-5.496729147999929],[105.36009862200007,-5.4956955859999539],[105.35859303200004,-5.4947586849999652],[105.35702951900004,-5.4939224579999291],[105.35541477700008,-5.4931904859999463],[105.35375572100008,-5.4925659019999671],[105.35205945400008,-5.4920513809999534],[105.35033323900007,-5.4916491269999597],[105.34858446600003,-5.4913608589999399],[105.34682062400009,-5.4911878149999325],[105.34504926400007,-5.4911307339999667],[105.34327797000009,-5.4911898599999631],[105.34151432700008,-5.4913649419999615],[105.33976588500008,-5.4916552299999353],[105.33804013200006,-5.4920594779999306],[105.33634445500007,-5.4925759589999643],[105.33468611500007,-5.493202460999953],[105.33307221300004,-5.493936299999973],[105.33150966000005,-5.4947743349999314],[105.33000514400004,-5.4957129779999718],[105.32856510900007,-5.4967482099999643],[105.32719572200006,-5.4978755979999505],[105.32590284500009,-5.4990903149999326],[105.32469201500004,-5.5003871609999351],[105.32356841800004,-5.5017605809999282],[105.32253686400009,-5.5032046959999548],[105.32160177100008,-5.5047133219999296],[105.32076714500005,-5.506279999999947],[105.32003655900007,-5.50789802099996],[105.31941314400007,-5.5095604559999742],[105.31889956800006,-5.5112601879999374],[105.31849803400007,-5.5129899369999293],[105.31821026000006,-5.5147422979999305],[105.31803748000004,-5.516509765999956],[105.31798043600008,-5.5182847719999586],[105.31803937100005,-5.520059716999981],[105.31821403600009,-5.5218269989999271],[105.31850368400006,-5.5235790499999666],[105.31890707300005,-5.5253083659999334],[105.31907122900009,-5.5258945809999318],[105.31921632300003,-5.5263912349999487],[105.31942558000009,-5.5270740579999256],[105.31960771000007,-5.5276416329999734],[105.31973164700008,-5.5280183869999746],[105.31987924100008,-5.5284562659999779],[105.31989729800006,-5.5285096529999578],[105.32052251700009,-5.5301714159999733],[105.32054570100007,-5.5302226129999781],[105.31997989700005,-5.5310146649999297],[105.31904475800008,-5.5325232889999256],[105.31871160600008,-5.5331194059999689],[105.31865701200007,-5.5332200429999716],[105.31815549600009,-5.5341906009999775],[105.31742487300005,-5.5358086199999548],[105.31680142600004,-5.5374710529999334],[105.31628782300004,-5.5391707829999746],[105.31588626700005,-5.5409005299999308],[105.31583339100007,-5.5411750259999621],[105.31581368800005,-5.5412802129999363],[105.31557877400007,-5.5427580769999736],[105.31540598300006,-5.5445255429999634],[105.31534893300005,-5.5463005489999659],[105.31540786800008,-5.5480754919999526],[105.31542060200007,-5.5482591019999745],[105.31542617200006,-5.5483356749999757],[105.31558810900003,-5.5499193459999674],[105.31560359300005,-5.550013000999968],[105.31556061700007,-5.5502004289999718],[105.31527282200005,-5.5519527879999373],[105.31510634900008,-5.55362540699997],[105.31508949700009,-5.5538718049999716],[105.31508317700008,-5.5539666519999287],[105.31504089300006,-5.5549458059999779],[105.31478619900008,-5.5560537679999698],[105.31473706900005,-5.5562914419999743],[105.31468508600005,-5.5565285059999496],[105.31457175800006,-5.5570717759999297],[105.31428395800003,-5.5588241339999627],[105.31411116100008,-5.5605915999999525],[105.31405410800005,-5.5623666049999656],[105.31406750900004,-5.5632058779999625],[105.31407390400005,-5.5634094599999457],[105.31411943900008,-5.5643451299999356],[105.31411970800008,-5.5643492059999744],[105.31413068200004,-5.5645152279999479],[105.31430508700004,-5.5662784319999332],[105.31459475200006,-5.5680304819999265],[105.31499816700006,-5.56975979799995],[105.31551360800006,-5.571458975999974],[105.31608531700005,-5.5729904499999634],[105.31613074400008,-5.5731017959999463],[105.31618429500008,-5.5732320839999261],[105.31691669600008,-5.5748493149999376],[105.31775310300009,-5.5764150889999655],[105.31868993500007,-5.577922699999931],[105.31904780200006,-5.5784453699999403],[105.31916452100006,-5.5786116419999416],[105.31923082400004,-5.5787103879999336],[105.31924922700006,-5.5787440039999296],[105.31954794000006,-5.5792754219999665],[105.32032513400009,-5.5805411409999692],[105.32043907000008,-5.5807157909999319],[105.32059871800004,-5.5809576799999263],[105.32128949300005,-5.5819441319999328],[105.32140836200006,-5.5821061079999481],[105.32175084200009,-5.582562644999939],[105.32223016600005,-5.5831696729999294],[105.32231457600005,-5.5832734939999682],[105.32243192000004,-5.5834168199999681],[105.32263936100009,-5.5836684349999359],[105.32316794000008,-5.5842902699999399],[105.32438036000008,-5.5855857829999422],[105.32567475800005,-5.5867990739999414],[105.32704559300004,-5.5879249439999512],[105.32848699500005,-5.5889585739999461],[105.32930584200005,-5.5894850349999388],[105.32967457900008,-5.5897128429999725],[105.33036152800008,-5.5901233449999381],[105.33106241100006,-5.5905144979999477],[105.33130133300006,-5.5906432279999763],[105.33153938800007,-5.5907735599999455],[105.33256176000003,-5.5913053239999613],[105.33417675200008,-5.5920373409999797],[105.33583607500009,-5.5926619619999656],[105.33753262400006,-5.593176509999978],[105.33925913100006,-5.5935787829999413],[105.34100820500004,-5.5938670589999333],[105.34277235300004,-5.5940401009999619],[105.34454402100005,-5.5940971689999515],[105.34631562000004,-5.5940380199999709],[105.34807956400005,-5.5938629059999698],[105.34982829700004,-5.5935725759999286],[105.35155433100005,-5.5931682769999611],[105.35176575200006,-5.5931104649999384],[105.35180646900005,-5.5930991529999687],[105.35329099100005,-5.5926404249999564],[105.35443070800005,-5.5922098729999448],[105.35475672700005,-5.5931036499999323],[105.35493534300008,-5.5935610949999273],[105.35504039200003,-5.5938260229999628],[105.35517885300004,-5.5941699379999363],[105.35528042800007,-5.5944186759999752],[105.35570954900004,-5.5953660209999612],[105.35599637600006,-5.5962674119999747],[105.35662177700004,-5.597929120999936],[105.35664101900005,-5.5979754629999547],[105.35665534700007,-5.5980098789999602],[105.35736864900008,-5.5995807079999622],[105.35820519900005,-5.6011464139999703],[105.35914217400006,-5.6026539509999793],[105.36017556100006,-5.6040968619999489],[105.36130093700007,-5.6054689689999577],[105.36205463300007,-5.6062939969999661],[105.36207378100005,-5.6063141089999249],[105.36253263000003,-5.6067845069999294],[105.36279609200005,-5.6070445579999273],[105.36282907200007,-5.6070766699999695],[105.36285676400007,-5.6071134549999329],[105.36300342600003,-5.6073064789999307],[105.36304999400005,-5.6073670249999736],[105.36307377700007,-5.6073978569999667],[105.36415259800003,-5.6087094109999498],[105.36536515600005,-5.6100048299999798],[105.36665969000006,-5.6112180199999671],[105.36712986300006,-5.6116041019999443],[105.36713770200004,-5.6116169689999538],[105.36725220400007,-5.6118024429999309],[105.36777651500006,-5.6126187309999409],[105.36880994200004,-5.6140616249999766],[105.36886753200008,-5.6141364489999432],[105.36902784900008,-5.6143439909999415],[105.36918643100006,-5.6145528649999505],[105.36926638000006,-5.614657637999926],[105.36974001200008,-5.6152575279999724],[105.36990054400007,-5.6154550659999813],[105.37005914600007,-5.6156541619999416],[105.37029919900004,-5.6159511909999651],[105.37033406500007,-5.6159937159999345],[105.37091147500007,-5.6166747919999693],[105.37212406400005,-5.6179701939999518],[105.37221226700007,-5.6180580429999623],[105.37235658300006,-5.61820112099997],[105.37356294700004,-5.619326444999956],[105.37464958800007,-5.6202308649999395],[105.37493128800008,-5.6204531469999779],[105.37521564700006,-5.6206744729999514],[105.37578745000008,-5.6210844179999526],[105.37627655900008,-5.6217776839999374],[105.37633621300006,-5.621857868999939],[105.37657566300004,-5.6221748609999622],[105.37770111200007,-5.623546929999975],[105.37891373100007,-5.6248423159999561],[105.37992600000007,-5.6258042479999517],[105.38045997000006,-5.6262861069999417],[105.38074229700004,-5.6265373309999518],[105.38113178200007,-5.6268571309999516],[105.38136424300006,-5.6276579479999782],[105.38137973200008,-5.6277074869999524],[105.38158451100009,-5.6283355229999756],[105.38221002300008,-5.6299971959999766],[105.38263832800004,-5.630976253999961],[105.38274885800007,-5.6312159559999486],[105.38305321100006,-5.6318540279999638],[105.38343683100004,-5.632577835999939],[105.38342751700009,-5.6325827839999647],[105.38346376300007,-5.6326512509999702],[105.38349387200009,-5.6327226409999298],[105.38415942200004,-5.6341792019999275],[105.38499609700006,-5.6357448599999316],[105.38593319900008,-5.6372523439999327],[105.38696671600007,-5.6386951979999367],[105.38778712400006,-5.6397130749999747],[105.38780983500004,-5.6397399019999739],[105.38811493400004,-5.6400940699999751],[105.38932761100006,-5.641389429999947],[105.39062226500005,-5.6426025569999751],[105.39199335200004,-5.6437282579999533],[105.39343500200005,-5.6447617089999653],[105.39494103900006,-5.6456984859999579],[105.39650501500006,-5.6465345769999544],[105.39781996400006,-5.6471399219999512],[105.39791701400009,-5.6471814919999588],[105.39798015600007,-5.6472132169999441],[105.39803172500007,-5.647239294999963],[105.39811127200005,-5.647286931999929],[105.39848204200007,-5.647504984999955],[105.40004602700009,-5.6483410659999436],[105.40090753500004,-5.6487472509999748],[105.40093226300007,-5.6487583829999721],[105.40168598100007,-5.6490840109999567],[105.40334552900003,-5.6497084229999359],[105.40504229300007,-5.6502227599999628],[105.40596833100005,-5.6504383849999726],[105.40596695100004,-5.6504443399999786],[105.40598925000006,-5.650449521999974],[105.40600892100008,-5.650461249999978],[105.40633353000004,-5.6506517139999346],[105.40789753300004,-5.651487771999939],[105.40881173500009,-5.6519175929999506],[105.40887549200005,-5.6519461279999632],[105.40957653300006,-5.6522480979999727],[105.41123609800007,-5.6528724859999784],[105.41153572200005,-5.6529633059999469],[105.41163256000004,-5.6530165809999744],[105.41167781700005,-5.6530429189999722],[105.41169490300007,-5.6530530969999404],[105.41182763000006,-5.6531384669999625],[105.41217422100004,-5.6533577049999622],[105.41227008700008,-5.6534173339999256],[105.41303147600007,-5.6538737849999734],[105.41459549700005,-5.6547098229999619],[105.41492774000005,-5.6548619089999761],[105.41539948100007,-5.6551855519999776],[105.41617472500008,-5.6556847909999419],[105.41649256300008,-5.6558818989999509],[105.41722341700006,-5.6563193749999527],[105.41878745000008,-5.6571554009999545],[105.42040272000008,-5.6578871589999267],[105.42117414000006,-5.65819283299993],[105.42176087300004,-5.6584149779999393],[105.42189544700005,-5.6584632649999662],[105.42221816900008,-5.6587173159999793],[105.42287169800005,-5.659203482999942],[105.42290233300008,-5.6592255649999288],[105.42369054100004,-5.6597727679999252],[105.42519666200008,-5.6607094599999641],[105.42676071700004,-5.6615454619999355],[105.42837600800004,-5.6622771959999341],[105.43003561800003,-5.6629015269999741],[105.43024874800005,-5.6629728399999522],[105.43028153800009,-5.6629836599999521],[105.43113210500007,-5.663237588999948],[105.43196607600004,-5.6641153389999772],[105.43213383100004,-5.6642832319999457],[105.43213909600007,-5.6642884989999516],[105.43276206800005,-5.6648920139999746],[105.43313815100004,-5.6652448649999769],[105.43380997100007,-5.6658543699999768],[105.43439775600007,-5.6663473159999285],[105.43476594800006,-5.6666655209999703],[105.43598661100003,-5.6676600139999778],[105.43665979300005,-5.6681602999999541],[105.43671777200007,-5.6682020109999485],[105.43748637200008,-5.6687350549999564],[105.43813685600009,-5.6691564089999247],[105.43833263200008,-5.6692792829999803],[105.43838252800003,-5.6693160449999596],[105.43879754000005,-5.6696158119999609],[105.43888756300004,-5.6696795499999553],[105.43948996400007,-5.6700939739999399],[105.43962160700005,-5.6701813899999252],[105.43994117000005,-5.6703922509999529],[105.44036511200005,-5.6706663489999301],[105.44054452200004,-5.6707799879999357],[105.44069784600003,-5.6708811269999728],[105.44091935300008,-5.6710279169999467],[105.44207785300006,-5.6717542349999803],[105.44219629300005,-5.6718243889999371],[105.44245713800007,-5.6719769309999606],[105.44402124600003,-5.6728128829999491],[105.44438063300004,-5.6729867969999646],[105.44486672600004,-5.6732176169999775],[105.44569367800005,-5.6743717639999431],[105.44681939000009,-5.6757436769999572],[105.44803226900007,-5.677038897999978],[105.44932712100007,-5.6782518779999691],[105.45069840000008,-5.6793774229999485],[105.45214023600005,-5.6804107129999579],[105.45364645400008,-5.6813473229999545],[105.45471519500006,-5.6819326489999753],[105.45481242000005,-5.681983086999935],[105.45527027600008,-5.6822151289999283],[105.45556797800003,-5.6823624739999445],[105.45584527600005,-5.6824998759999517],[105.45589373400009,-5.6825238269999545],[105.45750911600004,-5.6832554709999386],[105.45916881200009,-5.6838797109999746],[105.45973072300006,-5.6840634649999515],[105.45976611300006,-5.6840746109999714],[105.46090110500006,-5.6844050179999499],[105.46262794500007,-5.6848068989999661],[105.46437733000005,-5.6850947789999395],[105.46614176600008,-5.6852674239999601],[105.46791369600004,-5.6853240959999312],[105.46816643200003,-5.6853227109999693],[105.46820999000005,-5.6853222679999362],[105.46846005700007,-5.685312693999947],[105.46955460100008,-5.686337941999966],[105.47073914300006,-5.6873187999999573],[105.47076893300004,-5.6873420749999468],[105.47095572700005,-5.687486708999927],[105.47239761600008,-5.6885199439999496],[105.47390388400004,-5.6894564959999343],[105.47546807900005,-5.6902923539999506],[105.47708350400006,-5.6910239399999796],[105.47874324000009,-5.6916481189999786],[105.48027292600005,-5.6921169019999525],[105.48046540700005,-5.6921697169999561],[105.48063265900004,-5.6922150339999575],[105.48233702000005,-5.6926116139999294],[105.48284118200007,-5.6928935929999511],[105.48291723100004,-5.6929347849999772],[105.48384118000007,-5.6934125169999561],[105.48545662300006,-5.6941440779999652],[105.48711637400004,-5.6947682319999444],[105.48752489000009,-5.6949031439999658],[105.48755376200006,-5.6949124259999735],[105.48884220000008,-5.6952915869999288],[105.49027952800009,-5.695626008999966],[105.49041163300006,-5.695705893999957],[105.49064352700009,-5.6966983139999456],[105.49108768700006,-5.698182724999981],[105.49109403800009,-5.6982019359999754],[105.49116595600009,-5.6984164959999362],[105.49179186300006,-5.700078016999953],[105.49218523100006,-5.7009804239999653],[105.49221283900005,-5.7010407509999368],[105.49223402600006,-5.7011036289999311],[105.49225649300007,-5.7011700219999284],[105.49288240600004,-5.7028315409999664],[105.49361546900008,-5.7044484959999409],[105.49445254200003,-5.7060139609999396],[105.49539004200005,-5.7075212329999658],[105.49642395400008,-5.7089638569999579],[105.49744861200008,-5.7102195569999594],[105.49746929800006,-5.7102434149999794],[105.49757053800005,-5.7103595119999682],[105.49878360100007,-5.711654608999936],[105.50007863300004,-5.7128674589999378],[105.50145008900006,-5.7139928669999449],[105.50289209700009,-5.7150260129999424],[105.50439848000008,-5.7159624749999693],[105.50596278800003,-5.716798239999946],[105.50757832100004,-5.7175297289999776],[105.50923816100004,-5.7181538109999792],[105.51052353400007,-5.7185542269999701],[105.51056289300004,-5.7185654219999265],[105.51097455800004,-5.7186790059999453],[105.51170067400005,-5.7188624689999301],[105.51173042700009,-5.7188695499999653],[105.51175775600007,-5.718883299999959],[105.51195721300007,-5.7189826259999563],[105.51357275800007,-5.7197140969999509],[105.51523261000006,-5.7203381599999261],[105.51692965800004,-5.7208521419999556],[105.51832664400007,-5.7211862659999611],[105.51836850200004,-5.7211951089999502],[105.51869849200006,-5.7212626849999424],[105.52044800200008,-5.7215503819999753],[105.52221255200004,-5.7217228439999417],[105.52330813700007,-5.72177149099997],[105.52362744100009,-5.7217791869999246],[105.52430388900007,-5.7217870289999269],[105.52607581600006,-5.721727302999966],[105.52784004700004,-5.7215516169999319],[105.52958902800003,-5.7212607239999329],[105.53112581400006,-5.7209061719999568],[105.53115077300004,-5.7208996419999494],[105.53134022500006,-5.7208493409999619],[105.53303633000007,-5.7203322619999426],[105.53445586900006,-5.7198033249999298],[105.53486948800008,-5.7196358789999522],[105.53510865500004,-5.7195377229999735],[105.53637287100008,-5.71896253999995],[105.53712778200008,-5.7187836399999696],[105.53732558200005,-5.7187233359999254],[105.53842214100007,-5.7196230359999731],[105.53861931400007,-5.7199399799999355],[105.53911295200004,-5.7206286309999541],[105.53910388200006,-5.7206351069999641],[105.53916156100007,-5.7207161569999698],[105.53921381300006,-5.7208008179999297],[105.53974576600007,-5.7216287459999648],[105.54015240200005,-5.7222200179999732],[105.54037300700008,-5.722531877999927],[105.54100041700008,-5.723383136999928],[105.54212644400008,-5.7247548339999526],[105.54333015300006,-5.7260403429999656],[105.54366640700005,-5.7263768479999726],[105.54367588600007,-5.7263863279999327],[105.54497104000006,-5.7275990639999463],[105.54634261200005,-5.7287243529999614],[105.54778472900006,-5.7297573759999523],[105.54794311500007,-5.7298623599999701],[105.54803479800006,-5.729922667999972],[105.54812283800004,-5.7299881969999547],[105.54896933800006,-5.7305853249999359],[105.54927294600009,-5.7308586529999275],[105.54954773800006,-5.7310963299999571],[105.54960760400007,-5.7311474139999632],[105.54966285400008,-5.7312034739999262],[105.54980449200008,-5.7313461249999591],[105.55109967000004,-5.7325588449999714],[105.55247126500007,-5.7336841169999389],[105.55391340500006,-5.7347171209999601],[105.55541991300004,-5.73565343599995],[105.55566237300008,-5.7357829419999575],[105.55571065700008,-5.7358346039999333],[105.55635044000007,-5.7364962749999791],[105.55707990000008,-5.7371975589999806],[105.55748546500007,-5.737624865999976],[105.55780220900004,-5.7379510059999461],[105.55784589600006,-5.7380051129999288],[105.55819396700008,-5.7384274249999407],[105.55831047600009,-5.7385659139999348],[105.55842324400004,-5.7387074739999662],[105.55924885400009,-5.7396948809999344],[105.55981649400007,-5.7403206439999508],[105.55953032400004,-5.7415825669999663],[105.55933564200006,-5.7426924239999266],[105.55931188600005,-5.7428002489999699],[105.55919070700008,-5.7433802479999372],[105.55904970100005,-5.7441523979999261],[105.55901114200009,-5.7443822809999574],[105.55886504500006,-5.7453625489999354],[105.55869298400006,-5.7471300229999542],[105.55863670400004,-5.748904983999978],[105.55863693100008,-5.7489522329999545],[105.55854667900007,-5.7490816969999514],[105.55839866900004,-5.7492897219999577],[105.55792056800004,-5.7499842799999783],[105.55698576700007,-5.7514932539999677],[105.55646557500006,-5.7524408989999642],[105.55623615600007,-5.7528793049999649],[105.55610732900004,-5.7531286129999444],[105.55608130800005,-5.7531796129999293],[105.55589605700004,-5.7535496389999707],[105.55516588900008,-5.7551679149999586],[105.55454295200008,-5.7568305559999544],[105.55402991500006,-5.7585304449999626],[105.55362897600008,-5.7602602999999704],[105.55358912200006,-5.7604661699999724],[105.55352070600009,-5.760827039999981],[105.55327343500005,-5.7623735869999564],[105.55310135700006,-5.764141059999929],[105.55304506300007,-5.7659160209999527],[105.55306326100003,-5.7668845049999504],[105.55306963600003,-5.7670585749999645],[105.55307099300006,-5.7672327559999417],[105.55307312600007,-5.7674218379999616],[105.55307350000004,-5.7674471929999527],[105.55313028700004,-5.7688473959999556],[105.55330579100007,-5.7706145309999783],[105.55359631600004,-5.7723663859999306],[105.55400061900008,-5.7740954579999766],[105.55405412600004,-5.7742897459999654],[105.55387884000004,-5.7750116369999773],[105.55386416500005,-5.7750785249999694],[105.55384284400009,-5.7751435939999283],[105.55340841900005,-5.7766071889999466],[105.55300747100006,-5.7783370439999544],[105.55281689200007,-5.7794153409999467],[105.55280965100008,-5.7794617469999707],[105.55271309900007,-5.7801358669999559],[105.55254101900005,-5.7819033399999284],[105.55248472700004,-5.7836782999999627],[105.55251728700006,-5.7846457109999392],[105.55251561200004,-5.784663893999948],[105.55245738900004,-5.7854078179999533],[105.55240109700009,-5.7871827779999307],[105.55242322100008,-5.7878401199999416],[105.55182308800005,-5.7876145649999557],[105.55012581400007,-5.787100708999958],[105.54920016700004,-5.7868706609999663],[105.54915471800007,-5.786860211999965],[105.54835317300007,-5.7866886789999512],[105.54660345500008,-5.7864010869999447],[105.54483870300004,-5.78622871999994],[105.54306647400006,-5.7861723149999307],[105.54129435500005,-5.7862321119999365],[105.53952993400009,-5.786407856999972],[105.53923808200005,-5.7864482399999702],[105.53918915400004,-5.7864552819999631],[105.53773183700008,-5.7867058399999678],[105.53600541100008,-5.7871107289999486],[105.53486604800008,-5.7874446139999804],[105.53479965600008,-5.7874656619999314],[105.53424272500007,-5.7876488819999281],[105.53258382700005,-5.788275988999942],[105.53226066000008,-5.7884128739999596],[105.53211750200006,-5.7884746099999802],[105.53197227200008,-5.7885312879999447],[105.53141758800007,-5.7887548549999792],[105.53085717800008,-5.7889953949999722],[105.53083373400005,-5.789005771999939],[105.52977974200007,-5.7894996529999503],[105.52821675200005,-5.7903382469999656],[105.52671186600008,-5.79127742299994],[105.52527152700009,-5.7923131599999351],[105.52506208600005,-5.7924760639999704],[105.52486831400006,-5.7926283079999621],[105.52370813200008,-5.7935932679999382],[105.52241508800006,-5.7948084279999534],[105.52120416100007,-5.7961056829999507],[105.52008053600008,-5.797479477999957],[105.51984097900004,-5.797797553999942],[105.51972310600007,-5.7979564749999781],[105.51893115300004,-5.7990828509999801],[105.51799617400007,-5.8005917759999761],[105.51723209100004,-5.8020165429999793],[105.51713053800006,-5.8022202429999652],[105.51706017900005,-5.8023624119999795],[105.51632984600008,-5.8039806509999607],[105.51570675200009,-5.8056432619999327],[105.51519356500006,-5.8073431279999568],[105.51479248500004,-5.8090729669999632],[105.51460040000006,-5.8101604039999302],[105.51450689500007,-5.8107607239999766],[105.51441172300008,-5.8114256939999791],[105.51423952200008,-5.8131931649999729],[105.51418311500004,-5.8149681309999437],[105.51420334800008,-5.8159922489999758],[105.51421006700008,-5.8161662409999622],[105.51424946400005,-5.8169169829999419],[105.51442487700007,-5.8186841369999343],[105.51471532300008,-5.8204360179999526],[105.51477217300004,-5.8206791899999644],[105.51386010900006,-5.8210239239999737],[105.51224559200006,-5.8217583049999462],[105.51068248700005,-5.8225968589999297],[105.50923701200009,-5.8234962019999443],[105.50912993800006,-5.8235675819999528],[105.50907041300007,-5.8236073789999523],[105.50762996200007,-5.8246430799999303],[105.50626022800009,-5.8257709099999602],[105.50496707500008,-5.8269860389999621],[105.50438771000006,-5.8276066409999316],[105.50437549200007,-5.8275893959999507],[105.50430269800006,-5.8274923429999603],[105.50411975300005,-5.8272512429999779],[105.50299358500007,-5.8258794859999625],[105.50178024900003,-5.824584424999955],[105.50048493900005,-5.8233716059999665],[105.49911320300004,-5.8222462229999792],[105.49767091400008,-5.8212130929999262],[105.49616424800007,-5.820276640999964],[105.49459965600005,-5.8194408749999411],[105.49298383600006,-5.818709374999969],[105.49132370800004,-5.8180852719999621],[105.48962638000006,-5.8175712389999603],[105.48789911900008,-5.8171694769999363],[105.48614931900005,-5.8168817039999681],[105.48438447400008,-5.8167091549999554],[105.48398674800006,-5.8166863289999355],[105.48374411500004,-5.8166741959999513],[105.48236950600005,-5.8166404339999644],[105.48059727000003,-5.8167000509999411],[105.48059263300007,-5.8167003599999703],[105.48041066000008,-5.8167124909999757],[105.47865074500004,-5.8168877479999423],[105.47690143700004,-5.8171785109999519],[105.47517486000004,-5.8175832259999538],[105.47347840500004,-5.8181001609999612],[105.47181933900004,-5.8187271029999579],[105.47020476400007,-5.8194613679999634],[105.46864159300009,-5.8202998109999271],[105.46786362200004,-5.82076808599993],[105.46766951100005,-5.8208894019999775],[105.46694240800008,-5.8213601589999371],[105.46550187600008,-5.8223957579999706],[105.46413205400006,-5.8235234919999357],[105.46283880800007,-5.8247385319999694],[105.46162767500005,-5.8260356749999573],[105.46050384300008,-5.8274093659999266],[105.45947212400006,-5.8288537259999771],[105.45927515900007,-5.8291537379999454],[105.45914169900004,-5.8293599799999356],[105.45840347600006,-5.8305688099999315],[105.45756882400008,-5.8321356739999715],[105.45683828400007,-5.8337538509999263],[105.45621498400004,-5.8354164119999723],[105.45570159400006,-5.837116238999954],[105.45530031500004,-5.8388460509999618],[105.45501286300004,-5.8405984429999762],[105.45485822200004,-5.8421100889999593],[105.45483394300004,-5.8424376579999375],[105.45481619400005,-5.8426934789999336],[105.45475960500005,-5.8444684529999336],[105.45481906000003,-5.8462433319999718],[105.45498761900006,-5.8479596049999714],[105.45499416900009,-5.8480098479999469],[105.45500085500004,-5.8480607609999424],[105.45529114100003,-5.8498126839999713],[105.45569522600005,-5.8515418419999605],[105.45621138000007,-5.8532408329999726],[105.45683739500004,-5.8549023779999629],[105.45757059000005,-5.8565193629999612],[105.45840782600004,-5.8580848619999415],[105.45934551900007,-5.8595921729999532],[105.46037965400006,-5.8610348399999452],[105.46150580200003,-5.86240668399995],[105.46271914200008,-5.8637018299999681],[105.46401447700003,-5.8649147339999672],[105.46538626000006,-5.8660401979999506],[105.46682861900007,-5.8670734039999388],[105.46709444200008,-5.8672401719999812],[105.46670219800006,-5.8682864379999273],[105.46618881900008,-5.8699862719999487],[105.46578755700006,-5.8717160889999604],[105.46571642200007,-5.8720894649999309],[105.46569286400006,-5.8722180049999793],[105.46547657100007,-5.8735970229999452],[105.46530421300008,-5.8753644899999813],[105.46525189900007,-5.8768537459999379],[105.46524946900007,-5.8768537139999353],[105.46524903800008,-5.8768864769999709],[105.46524156900006,-5.8769183759999351],[105.46504239800004,-5.8778409389999524],[105.46475496700003,-5.8795933329999457],[105.46458260600008,-5.8813607989999355],[105.46453600100006,-5.8823776819999694],[105.46452884900003,-5.8826418029999559],[105.46451890200007,-5.8833998909999536],[105.46457840100004,-5.8851747639999417],[105.46475369900008,-5.886941940999975],[105.46486538500005,-5.8877030079999599],[105.46490106700008,-5.8879242999999519],[105.46507972600006,-5.8889151449999417],[105.46548387800004,-5.8906442889999653],[105.46600010700007,-5.8923432629999297],[105.46603190800005,-5.8924362609999434],[105.46610238600005,-5.8926411579999467],[105.46616559100005,-5.8928470649999554],[105.46641498100007,-5.8936182929999745],[105.46675327100007,-5.8945565709999528],[105.46685049300004,-5.894811458999925],[105.46713830200008,-5.8955347059999781],[105.46787158900008,-5.8971516679999354],[105.46870892200008,-5.8987171429999421],[105.46955567900005,-5.9000781029999416],[105.46872936700004,-5.9003342039999325],[105.46783573300007,-5.9006564009999352],[105.46773270700004,-5.9006956009999385],[105.46696703200007,-5.9010003509999365],[105.46535222200004,-5.9017346189999671],[105.46378882300007,-5.9025730649999559],[105.46295936600006,-5.903073524999968],[105.46285718900003,-5.9031376929999624],[105.46218135400005,-5.9035762669999485],[105.46074061200005,-5.9046118689999503],[105.45937059300007,-5.9057396049999511],[105.45807716000007,-5.9069546459999742],[105.45686585300007,-5.9082517889999622],[105.45574186000005,-5.9096254809999778],[105.45541901800004,-5.9100562739999418],[105.45539770600004,-5.9100853089999532],[105.45536283300004,-5.9101206479999746],[105.45522950400004,-5.910256712999967],[105.45509497100005,-5.9103949759999637],[105.45411572700004,-5.9114564969999606],[105.45376793400004,-5.9118622509999454],[105.45364338300004,-5.9120104889999538],[105.45286716900006,-5.91297842299997],[105.45255076200004,-5.913421307999954],[105.45182760300008,-5.9139410869999551],[105.45045754200004,-5.9150688039999295],[105.45041950300003,-5.9151023229999282],[105.45030156400009,-5.915206449999971],[105.44904612800008,-5.916387952999969],[105.44783478000005,-5.9176850799999556],[105.44761727700006,-5.9179369199999314],[105.44749438200006,-5.9180809949999684],[105.44658785000007,-5.9192028299999606],[105.44555594200006,-5.9206471749999423],[105.44534980200007,-5.9209613129999639],[105.44507585900004,-5.9213851429999522],[105.44434663700008,-5.9225798339999756],[105.44351182700007,-5.9241466849999256],[105.44278114400004,-5.9257648509999399],[105.44268567100005,-5.9260119889999601],[105.44266749300004,-5.9260565759999508],[105.44263457100004,-5.9261191529999451],[105.44229626700007,-5.926784189999978],[105.44156557800005,-5.9284023549999461],[105.44094214700004,-5.9300649049999379],[105.44042864500005,-5.9317647219999685],[105.44025349800006,-5.9324972259999527],[105.44023175300003,-5.9325419219999276],[105.44018073600006,-5.9326478819999693],[105.44012417800008,-5.9327509849999274],[105.43956231100009,-5.9338321049999649],[105.43883160600006,-5.9354502669999647],[105.43822718800004,-5.9370567449999498],[105.43819401700006,-5.9371541429999297],[105.43817498900006,-5.9372102129999575],[105.43766147300005,-5.9389100279999525],[105.43726008800007,-5.9406398309999418],[105.43697255100005,-5.9423922149999271],[105.43693057600007,-5.9427298479999422],[105.43691241200008,-5.9428838279999354],[105.43678193200009,-5.9443136569999524],[105.43672529900005,-5.9460886279999272],[105.43672786300004,-5.9464410429999361],[105.43672962700003,-5.9465692049999461],[105.43673750800008,-5.9467663449999577],[105.43671186900008,-5.9468561689999433],[105.43631047700006,-5.9485859709999431],[105.43611339100005,-5.9497044289999508],[105.43609767800007,-5.9498059739999576],[105.43600722200006,-5.9504399009999247],[105.43583476400005,-5.9522073619999674],[105.43577813000007,-5.9539823329999422],[105.43583756200007,-5.9557572109999342],[105.43601280700005,-5.9575243979999755],[105.43630311800007,-5.9592763239999726],[105.43644422600005,-5.9599403199999301],[105.43647367800008,-5.9600708639999311],[105.43649731400006,-5.9602025879999587],[105.43659518500004,-5.9607191949999674],[105.43699269500007,-5.9624200199999677],[105.43723202300004,-5.9638642499999719],[105.43763616200005,-5.9655934119999756],[105.43815239500009,-5.967292408999981],[105.43877851100007,-5.9689539609999542],[105.43951183100006,-5.9705709559999605],[105.43995293300009,-5.9714261719999513],[105.44012692700005,-5.971749324999962],[105.44052320900005,-5.9724596209999277],[105.44127415400004,-5.973666532999971],[105.44158722500003,-5.9744973189999655],[105.44232056100009,-5.9761143079999783],[105.44315796200004,-5.9776798139999414],[105.44409584200008,-5.9791871319999359],[105.44513018500004,-5.9806298069999571],[105.44625656200009,-5.9820016599999803],[105.44746556700005,-5.9832922349999649],[105.44763957000004,-5.9834662429999526],[105.44764415400005,-5.9834708259999729],[105.44893975900004,-5.9846837399999799],[105.45031182900004,-5.9858092159999501],[105.45175449000004,-5.9868424349999714],[105.45326156400006,-5.9877789729999336],[105.45482659600003,-5.9886148159999379],[105.45644288500006,-5.9893463879999445],[105.45810350700003,-5.9899705529999778],[105.45980135200006,-5.9904846399999769],[105.46148511400008,-5.9908776769999577],[105.46173370100007,-5.9909273919999464],[105.46177773400007,-5.9909361609999792],[105.46243231400007,-5.9910437919999708],[105.46265406600008,-5.9911451689999353],[105.46284865000007,-5.9912273959999425],[105.46303732600006,-5.9913062879999757],[105.46397560400004,-5.9916741699999534],[105.46411300500006,-5.9917251149999515],[105.46424833500004,-5.9917813419999675],[105.46428630100007,-5.9917970829999376],[105.46525033000006,-5.992174494999972],[105.46580745300008,-5.9923804149999569],[105.46650406100008,-5.9926271419999466],[105.46671949000006,-5.9926991459999499],[105.46697891700006,-5.9927846469999508],[105.46724064700004,-5.9928694349999319],[105.46739447200008,-5.9929184059999443],[105.46861517300005,-5.9932756719999247],[105.46866604000007,-5.9932887679999567],[105.46891446000006,-5.9934465239999781],[105.46952397600006,-5.9938223809999727],[105.46992492400005,-5.9940623729999629],[105.47030138600007,-5.994283606999943],[105.47105266100004,-5.9947012599999425],[105.47151238400005,-5.9949473689999309],[105.47232618300006,-5.9953655059999278],[105.47394251200006,-5.9960970219999581],[105.47411219400004,-5.9961665439999479],[105.47425161900009,-5.9962231189999784],[105.47438885200006,-5.9962848359999725],[105.47462544100006,-5.996389876999956],[105.47466087400005,-5.9964054069999406],[105.47517975500006,-5.9966264099999762],[105.47684041700006,-5.997250514999962],[105.47853829800005,-5.9977645399999346],[105.47941862700009,-5.9979841379999357],[105.47946995900008,-5.9979960329999358],[105.48031745600008,-5.9981781779999324],[105.48109635900005,-5.9983207769999467],[105.48137730100007,-5.998367974999951],[105.48165802900007,-5.9984164259999488],[105.48212989600006,-5.9984935809999342],[105.48227665200005,-5.9985162489999766],[105.48289525200005,-5.9986044999999422],[105.48466067800007,-5.9987770059999548],[105.48643359300007,-5.9988335379999285],[105.48726809500005,-5.9988199319999467],[105.48744410400008,-5.9988143479999394],[105.48838241300007,-5.9987682709999604],[105.48838303200006,-5.9987682299999392],[105.48856260700006,-5.9987562809999417],[105.48874243700004,-5.9987491959999488],[105.48947349800005,-5.998710487999972],[105.48986641900007,-5.9986814789999698],[105.49004675500004,-5.9986668449999456],[105.49141894900004,-5.9985202079999453],[105.49316880800006,-5.9982293549999781],[105.49323262000007,-5.9982165089999739],[105.49338692000003,-5.9981852509999385],[105.49483972700006,-5.9978490459999421],[105.49497486700005,-5.9978138259999696],[105.49518535600004,-5.9977580629999352],[105.49688231800008,-5.9972410219999688],[105.49713616900004,-5.9971530869999583],[105.49753505100006,-5.997012692999931],[105.49856617800003,-5.9966188349999356],[105.49901572000005,-5.9965651949999597],[105.50076556700009,-5.996274317999962],[105.50249266100008,-5.9958694819999323],[105.50393315800005,-5.9954384089999735],[105.50398157300003,-5.995422443999928],[105.50423802300008,-5.9953364539999257],[105.50431807200005,-5.9953082599999448],[105.50439694200008,-5.9952932979999787],[105.50612403000008,-5.994888451999941],[105.50782097000007,-5.9943713779999257],[105.50822381400008,-5.9942305029999261],[105.50831097200006,-5.9941992509999409],[105.50840013900006,-5.9941743079999696],[105.50887373000006,-5.9940371659999414],[105.50902453600008,-5.9939920039999492],[105.50993314400006,-5.9937023739999518],[105.51014287200007,-5.9936314289999473],[105.51035373700006,-5.9935639459999379],[105.51083724000006,-5.9934041829999387],[105.51249675700006,-5.9927770889999579],[105.51411174900005,-5.9920426679999537],[105.51567530100004,-5.991204067999945],[105.51631821900008,-5.9908196749999547],[105.51668743700009,-5.9905919379999659],[105.51706889300004,-5.9903522519999797],[105.51713488300004,-5.9903100179999456],[105.51761592400004,-5.9899949079999715],[105.51905675600005,-5.9889591519999499],[105.52042683400003,-5.9878312639999649],[105.52110045900008,-5.9872183159999395],[105.52114652700004,-5.987174960999937],[105.52176636000007,-5.9865727219999485],[105.52289678200003,-5.9853675279999266],[105.52295527800004,-5.9853012249999438],[105.52301860300008,-5.9852395269999761],[105.52329945900004,-5.9849618769999324],[105.52355184200007,-5.9846915769999782],[105.52356403800007,-5.9846816639999361],[105.52437095900007,-5.9839992429999711],[105.52566440000004,-5.9827840479999281],[105.52576708600009,-5.9826804879999713],[105.52586770600004,-5.9825784649999605],[105.52597232700003,-5.9824805609999316],[105.52645220800008,-5.9820203269999297],[105.52675788100004,-5.9817198889999759],[105.52695391000009,-5.9815252429999646],[105.52701678600005,-5.9814619649999372],[105.52723288000004,-5.9812437689999456],[105.52838127900009,-5.9800097529999334],[105.52950520900004,-5.978635919999931],[105.53053698000008,-5.9771914309999374],[105.53147217600008,-5.9756824709999705],[105.53230679200004,-5.9741155039999398],[105.53255849700008,-5.9735890169999379],[105.53259373700007,-5.9735132219999514],[105.53271989800004,-5.9733809739999515],[105.53283835600007,-5.9732512029999612],[105.53322642200004,-5.9728168029999438],[105.53430224700008,-5.9715056319999462],[105.53440647200006,-5.9713701839999658],[105.53445455100007,-5.9713075139999319],[105.53548629700003,-5.9698630179999554],[105.53634259500006,-5.9684902219999572],[105.53651023000003,-5.9682027329999414],[105.53658910200005,-5.9680665629999794],[105.53742369300005,-5.9664995899999553],[105.53792496900007,-5.9654202189999523],[105.53800779900007,-5.9652311229999668],[105.53823696300009,-5.9646922229999291],[105.53886012300006,-5.9630295859999478],[105.53906736600004,-5.9623431519999599],[105.53933165100005,-5.9618245919999708],[105.53970153500006,-5.9610403759999713],[105.53977631700008,-5.9608750329999793],[105.54013686200005,-5.9600409769999487],[105.54023739300004,-5.9597869199999423],[105.54025978500005,-5.95974580099994],[105.54078387400006,-5.9587333929999318],[105.54151429600006,-5.957115119999969],[105.54175643800005,-5.956507533999968],[105.54178293400008,-5.9564386499999387],[105.54216393400009,-5.9553835959999333],[105.54267713300004,-5.9536837099999502],[105.54286681200006,-5.9529288569999608],[105.54289137500007,-5.9528248229999576],[105.54310275100005,-5.9518498239999644],[105.54323752500005,-5.9511149449999721],[105.54328010400008,-5.950863323999954],[105.54332510600005,-5.9506121259999532],[105.54352249100003,-5.9493364729999598],[105.54366627000007,-5.9479636449999589],[105.54367235700005,-5.9478867039999272],[105.54370068900005,-5.947492064999949],[105.54375697700004,-5.9457171119999543],[105.54375642500008,-5.9455684109999538],[105.54375530600004,-5.9453950739999755],[105.54370511500008,-5.9439104189999625],[105.54369933000004,-5.9438159129999804],[105.54369030000004,-5.943674428999941],[105.54351472100007,-5.9419073039999262],[105.54348155400004,-5.9416758689999369],[105.54347949500004,-5.9416136779999533],[105.54343458800008,-5.9407112299999767],[105.54341515500005,-5.9404393769999615],[105.54340890400005,-5.9403576989999465],[105.54337575400007,-5.939962454999943],[105.54336109600007,-5.9398017839999397],[105.54335176000006,-5.9396407149999391],[105.54333750300003,-5.9394114969999805],[105.54321258000004,-5.9380501269999399],[105.54318878500004,-5.9378471009999316],[105.54316914600008,-5.9376436289999788],[105.54305948600006,-5.9366856199999347],[105.54300320800007,-5.9362838819999411],[105.54299079500004,-5.9361998409999615],[105.54280971700007,-5.9351238409999496],[105.54275412200008,-5.9348297049999701],[105.54269917500005,-5.9345354459999271],[105.54263485900009,-5.93420254199998],[105.54223043000007,-5.9324734789999525],[105.54192441900005,-5.931466951999937],[105.54193559100008,-5.93135222199993],[105.54199188800004,-5.9295772669999565],[105.54193212700005,-5.9278024259999711],[105.54189793400008,-5.9273459459999458],[105.54187992300007,-5.927129946999969],[105.54173855300007,-5.9258192999999437],[105.54144794000007,-5.9240674529999637],[105.54104352400009,-5.9223383879999574],[105.54052703700006,-5.9206395069999758],[105.54005258900008,-5.9193521009999586],[105.54004378700006,-5.9193299579999348],[105.53989189000004,-5.9189559439999471],[105.53974037400008,-5.9186219709999364],[105.54074879800004,-5.9180809919999433],[105.54225397800008,-5.9171417539999425],[105.54369458000008,-5.9161059509999632],[105.54499415900005,-5.915039639999975],[105.54503860700004,-5.9150008029999412],[105.54508732200009,-5.9149674879999452],[105.54632153200004,-5.9140714319999574],[105.54769137600005,-5.9129434949999791],[105.54898460900006,-5.9117282609999506],[105.54994187500006,-5.910702826999966],[105.55036879500005,-5.9105726899999809],[105.55202801600007,-5.9099455009999247],[105.55364271400003,-5.9092109899999627],[105.55520597300006,-5.9083723009999289],[105.55671110000009,-5.9074330279999572],[105.55815164800003,-5.906397191999929],[105.55952144900004,-5.905269230999977],[105.56081463700008,-5.904053972999975],[105.56117668500008,-5.9036837099999389],[105.56139537500007,-5.9034557429999381],[105.56224436400004,-5.902528656999948],[105.56336806400009,-5.9011547739999628],[105.56439961500007,-5.8997102379999546],[105.56533460300005,-5.898201237999956],[105.56616902200005,-5.896634234999965],[105.56641834200008,-5.8961127309999597],[105.56656109800008,-5.895805773999939],[105.56704205600005,-5.8947089819999405],[105.56766506800005,-5.893046323999954],[105.56789340300008,-5.8923387109999794],[105.56792195200006,-5.892245910999975],[105.56820669500007,-5.8912536229999546],[105.56860764300006,-5.8895237599999746],[105.56889474600007,-5.8877713419999509],[105.56905404600008,-5.8861913279999385],[105.56906117900007,-5.8860913909999795],[105.56907390900005,-5.885903935999977],[105.56913012800004,-5.8841289839999718],[105.56907029900009,-5.8823541509999586],[105.56889467800005,-5.8805870349999623],[105.56860401800009,-5.878835204999973],[105.56860223100006,-5.8788262619999614],[105.56858081100006,-5.8787191879999341],[105.56838856300004,-5.8778979419999473],[105.56878891900004,-5.8771460599999727],[105.56951917000004,-5.8755277629999796],[105.56995681000006,-5.8743955529999425],[105.57004959900007,-5.874138567999978],[105.57023494600008,-5.873608117999936],[105.57074800500004,-5.8719082159999516],[105.57114893600004,-5.8701783529999716],[105.57143602700006,-5.8684259339999585],[105.57160804800009,-5.8666584639999542],[105.57166426400005,-5.864883511999949],[105.57160443500004,-5.8631086779999464],[105.57142881800007,-5.86134156199995],[105.57142574600005,-5.8613184589999605],[105.57141146500004,-5.8612113839999438],[105.57112388400009,-5.8594826569999441],[105.57071944500007,-5.8577536139999324],[105.57020294800009,-5.8560547609999389],[105.56957660800003,-5.8543933719999472],[105.56884310700008,-5.8527765609999278],[105.56828045400005,-5.8516984209999805],[105.56824444800009,-5.8516330399999674],[105.56821456600005,-5.8515646339999421],[105.56767948200007,-5.8504138129999319],[105.56684196900005,-5.848848501999953],[105.56630959300008,-5.847966309999947],[105.56606688200009,-5.8475808469999606],[105.56566131300008,-5.8469559309999681],[105.56462695500005,-5.8455134789999761],[105.56350061100005,-5.8441418609999687],[105.56270939400008,-5.8432975669999792],[105.56289209500005,-5.8431899779999412],[105.56328227300008,-5.8429557729999715],[105.56352923200006,-5.842804699999931],[105.56377674700008,-5.84265454399997],[105.56481404400006,-5.8419925819999321],[105.56625441900007,-5.8409567409999568],[105.56762405400008,-5.8398287729999652],[105.56779580300008,-5.8396763339999325],[105.56787171100007,-5.839608382999927],[105.56899299300005,-5.8385455589999538],[105.57020388300003,-5.8372482059999697],[105.57132744600005,-5.8358743169999343],[105.57235887200005,-5.8344297779999579],[105.57269892700003,-5.8338808859999745],[105.57290412100008,-5.8342643969999699],[105.57384205900007,-5.835771493999971],[105.57391394100006,-5.835878442999956],[105.57398063900007,-5.8359771699999783],[105.57494311600004,-5.8373126559999378],[105.57606947100004,-5.838684250999961],[105.57728299600006,-5.8399791319999395],[105.57769111500005,-5.8403785039999434],[105.57781359400008,-5.8404958589999296],[105.57870097600005,-5.8413091099999406],[105.58007290200004,-5.8424342789999741],[105.58037301800005,-5.8426585249999334],[105.58114102700006,-5.8440859529999329],[105.58123445000007,-5.8442463449999309],[105.58126527800005,-5.8442988579999451],[105.58210983200007,-5.8456455439999786],[105.58313020700007,-5.8470696789999579],[105.58316707500006,-5.8471177769999372],[105.58318110000005,-5.8471360579999327],[105.58430749500008,-5.8485076309999613],[105.58552106100007,-5.849802489999945],[105.58644750100007,-5.8506856149999749],[105.58647109300006,-5.8507070649999378],[105.58684019300006,-5.8510365389999492],[105.58821216000007,-5.8521616839999524],[105.58965467700006,-5.8531945579999274],[105.59116156900006,-5.854130735999945],[105.59272638000004,-5.8549662099999296],[105.59317617700003,-5.8551826209999263],[105.59323601200003,-5.8552107329999785],[105.59440224500008,-5.8557255129999248],[105.59602773000006,-5.8563374599999634],[105.59619886400009,-5.856395690999932],[105.59636838000006,-5.8564584909999553],[105.59708732600006,-5.8567133789999275],[105.59766648500005,-5.8569023299999685],[105.59777125700003,-5.8569352119999394],[105.59888961600006,-5.8572599489999675],[105.59938197800005,-5.8573743599999375],[105.60017270200007,-5.8579236739999487],[105.60167962100007,-5.8588598209999532],[105.60324445900005,-5.859695262999935],[105.60438055600008,-5.8602225079999357],[105.60439592600005,-5.8602292139999577],[105.60487588400008,-5.8604331259999753],[105.60653623500008,-5.8610568689999809],[105.60823377200006,-5.86157052599998],[105.60996122300008,-5.8619718969999326],[105.61171119200009,-5.8622592649999774],[105.61347618300005,-5.8624313969999662],[105.61524863700004,-5.8624875559999623],[105.61702096300007,-5.8624275029999353],[105.61743763400005,-5.8623859429999357],[105.61893831500004,-5.8629547999999545],[105.61903005800008,-5.8629864869999437],[105.61918359200007,-5.8630390019999368],[105.62088114300008,-5.8635526189999609],[105.62226042000003,-5.8638826179999342],[105.62247156800004,-5.8639273219999382],[105.62275010700006,-5.8639847659999305],[105.62313920500009,-5.8640628829999741],[105.62320885200006,-5.8640767699999401],[105.62495883000008,-5.8643640949999281],[105.62653916100004,-5.8645236359999444],[105.62668994200004,-5.8645343989999787],[105.62687460800004,-5.8645469469999512],[105.62820681700003,-5.8645891259999416],[105.62828961800005,-5.8646120849999761],[105.63001708600007,-5.8650133919999803],[105.63176706800004,-5.8653006939999273],[105.63255891700004,-5.8653923399999712],[105.63273467900007,-5.8654100629999562],[105.63370783000005,-5.8654904839999631],[105.63517168100009,-5.8655451689999722],[105.63563624800008,-5.8655499399999371],[105.63594485700008,-5.8655513489999294],[105.63626968700004,-5.8655490299999542],[105.63638038200008,-5.8655475759999263],[105.63782787800005,-5.8654897749999577],[105.63887049700008,-5.8653998689999298],[105.63917869800008,-5.8653672779999511],[105.63990068300006,-5.8652811089999659],[105.64098155400006,-5.8651150639999514],[105.64102344000008,-5.8651077609999334],[105.64108862100005,-5.8650963129999809],[105.64159145700006,-5.8650073659999293],[105.64219472800005,-5.864893580999933],[105.64309452100008,-5.8646972979999532],[105.64359077000006,-5.8645801649999498],[105.64433543200005,-5.864391965999971],[105.64502001600005,-5.8642779729999575],[105.64652111200007,-5.8639256499999419],[105.64760696600007,-5.8640296979999675],[105.64844706800005,-5.8640970139999808],[105.64862060600007,-5.8641076429999544],[105.64878482600005,-5.8641171709999753],[105.65038373900006,-5.8641625899999781],[105.65215605400005,-5.8641024249999418],[105.65243892200004,-5.8640820389999249],[105.65254928900004,-5.8640735029999291],[105.65403101100009,-5.8639177709999331],[105.65505482600008,-5.8637615859999528],[105.65519844500005,-5.8637368559999459],[105.65576871200005,-5.8639139269999419],[105.65602150700005,-5.8639854229999742],[105.65640381400004,-5.8640905319999774],[105.65718608400005,-5.8642870129999665],[105.65737127600005,-5.8643306039999743],[105.65748394800005,-5.8643550089999508],[105.65749562300005,-5.8643807319999723],[105.65833340100005,-5.8659458779999341],[105.65927161400003,-5.8674528009999563],[105.65977074900007,-5.8681734839999535],[105.65978748600008,-5.8681968349999352],[105.66032298100004,-5.8689183989999378],[105.66144959700006,-5.8702897919999373],[105.66266337500008,-5.871584458999962],[105.66395911800004,-5.8727968559999795],[105.66415024100007,-5.8729627269999582],[105.66422718600006,-5.8730288789999463],[105.66540822200005,-5.8739879409999389],[105.66685092100005,-5.8750205929999311],[105.66835798100004,-5.8759565429999725],[105.66992294800008,-5.8767917809999517],[105.67153912100008,-5.8775227309999423],[105.67282358400007,-5.8780158719999349],[105.67297733300006,-5.8780704599999467],[105.67335332600004,-5.8782008499999279],[105.67505095600006,-5.8787142919999269],[105.67677848600005,-5.8791154459999575],[105.67713639100003,-5.8791741719999777],[105.67713421600007,-5.8791799819999255],[105.67662148700003,-5.8808799469999258],[105.67622088500008,-5.8826098519999732],[105.67593412400004,-5.8843622899999559],[105.67576243600007,-5.8861297569999351],[105.67570655700007,-5.8879046829999311],[105.67570659000006,-5.8879256409999812],[105.67570688700005,-5.8880755669999303],[105.67576702200006,-5.8898293959999251],[105.67594298300008,-5.8915964409999333],[105.67623398400008,-5.8933481779999397],[105.67663877900009,-5.8950771049999275],[105.67701020500004,-5.8963362749999533],[105.67708382500007,-5.8965653079999356],[105.67722925700008,-5.8970048539999311],[105.67785596500005,-5.8986660799999413],[105.67814650400004,-5.8993401579999727],[105.67821610600004,-5.8994958159999555],[105.67865944100004,-5.9004383639999674],[105.67940634600006,-5.901844859999926],[105.67948098000005,-5.9019759689999773],[105.67957197500004,-5.9021345719999658],[105.68051031300007,-5.9036414439999589],[105.68154507000008,-5.9050836359999721],[105.68267181600004,-5.9064549699999702],[105.68376105600004,-5.9076242329999786],[105.68412869100007,-5.9079962689999661],[105.68425336100006,-5.9081216099999665],[105.68554923900007,-5.9093339399999536],[105.68692153200004,-5.9104588039999726],[105.68785048400008,-5.9111236189999659],[105.68821194600008,-5.91266724999997],[105.68872886000008,-5.9143659469999648],[105.68935562600007,-5.9160271539999485],[105.69008956100004,-5.9176437559999613],[105.69092752200004,-5.9192088309999349],[105.69186592200003,-5.9207156759999293],[105.69290074300005,-5.922157838999965],[105.69402755400006,-5.9235291409999604],[105.69524153000003,-5.9248237129999666],[105.69653747200005,-5.9260360089999722],[105.69654814700004,-5.9260451859999534],[105.69705973800006,-5.926573320999978],[105.69835568800005,-5.9277856119999797],[105.69932402900008,-5.928594718999932],[105.69945023300005,-5.9286952749999386],[105.69985425700008,-5.9290109909999273],[105.70041884300008,-5.9294321059999788],[105.70083204500008,-5.9297320299999683],[105.70139314200009,-5.9301285419999772],[105.70162314300006,-5.9302867449999326],[105.70194036900006,-5.9305016539999542],[105.70344763700007,-5.9314374829999679],[105.70348882400003,-5.931461173999935],[105.70355305400005,-5.9314980459999447],[105.70507704100004,-5.9323094679999713],[105.70669341800004,-5.9330402909999407],[105.70708875500009,-5.9332000309999557],[105.70712488900006,-5.9332143009999641],[105.70839020800008,-5.9336779619999334],[105.70989132000005,-5.934137972999963],[105.70999390100008,-5.9341661819999558],[105.71019061300007,-5.9342194819999463],[105.71191833300009,-5.9346205019999729],[105.71248117600004,-5.9347256759999709],[105.71256244300008,-5.9347399739999673],[105.71374981700006,-5.9349218139999493],[105.71479556000008,-5.9350376699999288],[105.71488339000007,-5.9350456759999588],[105.71560286500005,-5.9351015989999496],[105.71737552400003,-5.9351574059999734]]],[[[106.10796666800007,-5.1997846089999484],[106.10973675400004,-5.1997233989999359],[106.11149905600007,-5.1995462509999584],[106.11324602500008,-5.1992539249999368],[106.11497018000006,-5.1988476739999783],[106.11666413700004,-5.1983292359999496],[106.11832064200007,-5.1977008319999527],[106.11993260100007,-5.1969651539999404],[106.12149311000007,-5.1961253529999567],[106.12296471000008,-5.1952056909999556],[106.12314071100008,-5.1950876879999441],[106.12317148900007,-5.195067020999943],[106.12460930000009,-5.1940301939999358],[106.12597638700004,-5.1929013069999428],[106.12726689800007,-5.1916851949999341],[106.12847530600004,-5.1903870669999606],[106.12959643700003,-5.1890124819999528],[106.13062549000006,-5.1875673259999644],[106.13155806000009,-5.186057787999971],[106.13239015300007,-5.1844903329999283],[106.13311820700005,-5.1828716719999761],[106.13373910500007,-5.1812087369999631],[106.13408375300008,-5.1801081289999615],[106.13409890500009,-5.1800558779999619],[106.13412063700008,-5.1800060159999362],[106.13434307100005,-5.1794806479999806],[106.13482877700005,-5.1782094459999257],[106.13491634500008,-5.1779618369999412],[106.13500595600004,-5.1777149639999607],[106.13500788300007,-5.1777096549999442],[106.13508587400008,-5.1774946539999291],[106.13529492600009,-5.1768967089999478],[106.13580600600005,-5.1751966219999304],[106.13620508400004,-5.1734666639999318],[106.13635953300007,-5.1726083509999512],[106.13643651200005,-5.1721373519999361],[106.13656743400009,-5.1712432409999565],[106.13673787400006,-5.1694758579999416],[106.13675040300006,-5.1692660249999562],[106.13676617400006,-5.1689835369999741],[106.13680842800005,-5.1674185939999688],[106.13674731800006,-5.1656440259999385],[106.13663032500006,-5.1644745029999513],[106.13711709500006,-5.162855259999958],[106.13739538500005,-5.1617062739999255],[106.13746337100008,-5.1613962749999587],[106.13758415400008,-5.1608153029999357],[106.13786952300006,-5.1590628799999649],[106.13803996400009,-5.15729549699995],[106.13809479200006,-5.1555680289999373],[106.13809478600007,-5.155430029999934],[106.13809474300007,-5.1553827229999456],[106.13805756000005,-5.1540084289999299],[106.13803954500008,-5.1536644329999604],[106.13801562500004,-5.1532641579999563],[106.13783889400008,-5.1514973959999679],[106.13754729300007,-5.1497460059999298],[106.13738768100006,-5.1490029829999457],[106.13731594400008,-5.1486903719999759],[106.13707033700007,-5.1477048749999312],[106.13655323400008,-5.1460066269999629],[106.13592646200004,-5.1443459229999462],[106.13519270600005,-5.1427298729999507],[106.13435510900007,-5.141165396999952],[106.13341725700008,-5.1396591949999788],[106.13280837500008,-5.138786548999974],[106.13269415900004,-5.1386295089999408],[106.13226895100007,-5.1380606749999629],[106.13114305100004,-5.136690089999945],[106.12993016300004,-5.135396266999976],[106.12863547900008,-5.1341847469999493],[106.12726454400007,-5.1330607179999674],[106.12582322700007,-5.1320289919999595],[106.12431770100005,-5.1310939859999394],[106.12275441100007,-5.1302597059999471],[106.12114005100005,-5.1295297209999262],[106.11948153300006,-5.1289071589999367],[106.11888007200008,-5.1287114399999609],[106.11872779300006,-5.1286638519999315],[106.11763367900005,-5.1283470969999598],[106.11590830900008,-5.1279469049999307],[106.11416052700008,-5.1276607089999402],[106.11392298000004,-5.1276308439999525],[106.11376594100005,-5.1276118079999264],[106.11224078100008,-5.1274706979999678],[106.11051781200007,-5.127415636999956],[106.11033698100005,-5.1274156349999771],[106.11028986400004,-5.1274156769999308],[106.10851997700007,-5.1274768449999328],[106.10675786700006,-5.1276539419999381],[106.10501108000005,-5.1279462089999583],[106.10328709600009,-5.128352394999979],[106.10215082900004,-5.128686671999958],[106.10204613700006,-5.1287199819999501],[106.10148860000004,-5.1289040709999654],[106.09983223300009,-5.1295323969999345],[106.09822039400007,-5.1302679929999613],[106.09756138600005,-5.1306065859999421],[106.09740910400006,-5.1306874829999742],[106.09650770300004,-5.1311886079999454],[106.09500540300007,-5.1321288509999476],[106.09418943000009,-5.1326996149999786],[106.09392769000004,-5.1328899649999471],[106.09330590800005,-5.133355943999959],[106.09193885200006,-5.1344847469999308],[106.09064835100008,-5.1357007789999329],[106.08943993000008,-5.1369988309999712],[106.08831876500005,-5.1383733459999803],[106.08728965700004,-5.1398184399999423],[106.08709433800004,-5.1401168429999302],[106.08699915500006,-5.1402643669999293],[106.08626182900008,-5.1414754479999374],[106.08552929200005,-5.1428414989999283],[106.08539127400007,-5.1431175119999466],[106.08529162600007,-5.1433188699999732],[106.08456346200006,-5.1449374939999757],[106.08394244000004,-5.1466004019999332],[106.08391676700006,-5.1466770319999569],[106.08386917300004,-5.1468197999999461],[106.08338362600006,-5.1484432409999386],[106.08298439800006,-5.1501731949999794],[106.08292365300008,-5.1504921679999711],[106.08289033100004,-5.1506730079999556],[106.08266555100005,-5.1521064639999281],[106.08264395400005,-5.1523302069999772],[106.08263698700006,-5.1523729639999374],[106.08255597000004,-5.153068239999925],[106.08254168500008,-5.1532062489999362],[106.08245210400008,-5.154278374999933],[106.08239716300005,-5.1560531779999792],[106.08245811500007,-5.1578277849999381],[106.08263470200006,-5.1595945949999305],[106.08272836000003,-5.1602198589999375],[106.08260427300007,-5.1605163769999649],[106.08237443500008,-5.1610940889999597],[106.08231494300009,-5.1612487529999385],[106.08192374800007,-5.1623339499999474],[106.08141251800004,-5.1640340229999424],[106.08135478400004,-5.1642552759999489],[106.08129528600006,-5.1644872719999739],[106.08095378700006,-5.1659959749999302],[106.08066825800006,-5.1677484049999407],[106.08049765800007,-5.1695158069999252],[106.08044271900008,-5.1712906109999608],[106.08050367600003,-5.1730652179999765],[106.08068027000007,-5.1748320279999689],[106.08087520200007,-5.1760761749999347],[106.08090082800004,-5.1762181529999793],[106.08092081400008,-5.1763610389999712],[106.08118760800005,-5.177931588999968],[106.08159272000006,-5.1796601709999663],[106.08210973200005,-5.1813584879999439],[106.08273643200005,-5.1830192659999739],[106.08347013700006,-5.1846353939999403],[106.08430770400008,-5.1861999479999668],[106.08524554700006,-5.187706230999936],[106.08627965200009,-5.1891477919999716],[106.08740558900007,-5.1905184549999603],[106.08861853800005,-5.191812352999932],[106.08991330300006,-5.1930239429999574],[106.09128434100006,-5.1941480379999803],[106.09272578100007,-5.1951798219999432],[106.09423144800007,-5.1961148779999462],[106.09579489600009,-5.1969492009999385],[106.09740942800005,-5.197679217999962],[106.09906813000003,-5.1983018019999463],[106.10006163500009,-5.1986167559999785],[106.10025764300008,-5.1986747569999352],[106.10095990600007,-5.1988722889999508],[106.10268547800007,-5.1992724799999337],[106.10443346400007,-5.1995586659999731],[106.10619637700006,-5.199729619999971],[106.10796666800007,-5.1997846089999484]]],[[[105.37698761800004,-6.0054883799999743],[105.37876048900006,-6.0054290499999752],[105.38052568700004,-6.0052537579999807],[105.38227565200003,-6.0049632539999607],[105.38400288800005,-6.0045587829999363],[105.38570000000004,-6.0040420769999514],[105.38735971900007,-6.0034153499999547],[105.38897493700006,-6.0026812839999479],[105.39053873600005,-6.001843024999971],[105.39204442000005,-6.0009041619999266],[105.39348554100008,-5.9998687159999804],[105.39485592600005,-5.9987411209999664],[105.39506668800004,-5.9985538539999652],[105.39576169000009,-5.9979298309999649],[105.39684470700007,-5.9969021829999747],[105.39805634300006,-5.9956051509999497],[105.39918064800008,-5.9942315589999566],[105.40021280600007,-5.9927872859999525],[105.40114840000007,-5.9912785199999803],[105.40198342300005,-5.9897117209999351],[105.40271430000007,-5.9880935979999776],[105.40333790200003,-5.9864310819999673],[105.40385155900009,-5.9847312909999459],[105.40425307300006,-5.9830015059999369],[105.40454072700004,-5.9812491319999594],[105.40471328900009,-5.9794816749999313],[105.40474219400005,-5.9785772989999373],[105.40488355500008,-5.9777161279999405],[105.40505611500004,-5.9759486699999798],[105.40511284600007,-5.9741736969999693],[105.40505350600006,-5.9723988099999588],[105.40487835100004,-5.9706316079999624],[105.40458813000004,-5.9688796589999811],[105.40418409000006,-5.9671504649999747],[105.40366796000006,-5.9654514299999732],[105.40304195100003,-5.9637898289999498],[105.40262085400008,-5.9628271509999422],[105.40226983000008,-5.9620651669999347],[105.40195772200008,-5.9614107929999705],[105.40112046200005,-5.9598452139999267],[105.40018273100009,-5.9583378109999785],[105.39914854600005,-5.95689503899996],[105.39802233400007,-5.9555230759999631],[105.39680891900008,-5.954227795999941],[105.39551349700008,-5.9530147449999617],[105.39414161500008,-5.9518891159999612],[105.39269914700009,-5.9508557309999333],[105.39119227000003,-5.9499190119999525],[105.38962743500008,-5.9490829719999283],[105.38801134300007,-5.9483511889999363],[105.38635091400005,-5.9477267959999267],[105.38465325600004,-5.9472124679999752],[105.38292563900006,-5.9468104069999299],[105.38117545900008,-5.9465223329999617],[105.37941021000006,-5.9463494809999702],[105.37763745000007,-5.9462925899999277],[105.37586476900009,-5.9463519049999718],[105.37409975600008,-5.946527170999957],[105.37234996900008,-5.9468176379999704],[105.37062290000006,-5.9472220619999803],[105.37038160100008,-5.9472881689999326],[105.36913765300005,-5.9476351489999502],[105.36768199200009,-5.9480856889999814],[105.36602241000008,-5.948712349999937],[105.36440731100004,-5.9494463409999412],[105.36284361100007,-5.9502845209999577],[105.36209233800008,-5.9507358429999613],[105.36153535000005,-5.9510828279999259],[105.36078101600003,-5.9515702849999457],[105.35933994900006,-5.9526056419999804],[105.35796959500004,-5.9537331479999693],[105.35667581900009,-5.9549479729999462],[105.35546416300008,-5.9562449149999566],[105.35433981600005,-5.9576184229999285],[105.35330759100003,-5.9590626139999472],[105.35237191000004,-5.960571305999963],[105.35153678100005,-5.9621380369999315],[105.35080577900004,-5.9637561009999445],[105.35018203600004,-5.965418566999972],[105.34966822400008,-5.9671183179999616],[105.34926654500003,-5.9688480739999363],[105.34897871700008,-5.9706004299999336],[105.34880597700004,-5.9723678819999577],[105.34874905900006,-5.9741243299999383],[105.34874901800003,-5.974956332999966],[105.34874902400009,-5.9749748629999431],[105.34880818300007,-5.9767497679999337],[105.34898316300007,-5.9785169989999645],[105.34927321500004,-5.9802689879999775],[105.34947800300006,-5.9811458009999683],[105.34954001100004,-5.9817720359999385],[105.34983006800007,-5.9835240239999621],[105.35023395500008,-5.9852532659999724],[105.35074994600006,-5.9869523599999752],[105.35137583100004,-5.988614026999926],[105.35210893200008,-5.9902311519999785],[105.35294610900007,-5.9917968099999257],[105.35388377900006,-5.9933042969999519],[105.35491792500005,-5.9947471549999705],[105.35604412100008,-5.9961192059999462],[105.35725754500004,-5.9974145739999472],[105.35855299900004,-5.9986277129999621],[105.35992493600008,-5.9997534249999376],[105.36136748100006,-6.0007868899999721],[105.36287445800008,-6.0017236839999555],[105.36443941100003,-6.0025597919999427],[105.36605564000007,-6.0032916349999255],[105.36771622100008,-6.0039160779999747],[105.36941404500004,-6.0044304469999474],[105.36990043500003,-6.0045557509999412],[105.37045746100006,-6.0046937549999484],[105.37169886400005,-6.0049705419999668],[105.37344922800008,-6.0052586349999615],[105.37521466700008,-6.0054314939999358],[105.37698761800004,-6.0054883799999743]]]]},"properties":{"OBJECTID":1,"kelas_sensitivitas":"Sangat Tinggi","warna":"#F58356","Shape_Length":6.755287133418717,"Shape_Area":0.19312493019639265}}]
}